AARON,ERIN,RONNIE,RON,NAN,NAN,NAN,NAN,NAN,NAN,NAN,NAN,NAN,NAN,NAN,NAN
ABBIE,ABBY,ABIGAIL,NAN,NAN,NAN,NAN,NAN,NAN,NAN,NAN,NAN,NAN,NAN,NAN,NAN
ABE,ABRAHAM,ABRAM,NAN,NAN,NAN,NAN,NAN,NAN,NAN,NAN,NAN,NAN,NAN,NAN,NAN
ABEDNEGO,BEDNEY,NAN,NAN,NAN,NAN,NAN,NAN,NAN,NAN,NAN,NAN,NAN,NAN,NAN,NAN
ABEL,EBBIE,AB,ABE,EB,NAN,NAN,NAN,NAN,NAN,NAN,NAN,NAN,NAN,NAN,NAN
ABIEL,AB,NAN,NAN,NAN,NAN,NAN,NAN,NAN,NAN,NAN,NAN,NAN,NAN,NAN,NAN
ABIGAIL,NABBY,ABBY,GAIL,NAN,NAN,NAN,NAN,NAN,NAN,NAN,NAN,NAN,NAN,NAN,NAN
ABIJAH,AB,BIGE,NAN,NAN,NAN,NAN,NAN,NAN,NAN,NAN,NAN,NAN,NAN,NAN,NAN
ABNER,AB,NAN,NAN,NAN,NAN,NAN,NAN,NAN,NAN,NAN,NAN,NAN,NAN,NAN,NAN
ABRAHAM,AB,ABE,NAN,NAN,NAN,NAN,NAN,NAN,NAN,NAN,NAN,NAN,NAN,NAN,NAN
ABRAM,AB,NAN,NAN,NAN,NAN,NAN,NAN,NAN,NAN,NAN,NAN,NAN,NAN,NAN,NAN
ABSALOM,APP,AB,ABBIE,NAN,NAN,NAN,NAN,NAN,NAN,NAN,NAN,NAN,NAN,NAN,NAN
ADA,ADDY,NAN,NAN,NAN,NAN,NAN,NAN,NAN,NAN,NAN,NAN,NAN,NAN,NAN,NAN
ADALINE,DELIA,LENA,DELL,ADDY,ADA,NAN,NAN,NAN,NAN,NAN,NAN,NAN,NAN,NAN,NAN
ADAM,EDIE,ADE,NAN,NAN,NAN,NAN,NAN,NAN,NAN,NAN,NAN,NAN,NAN,NAN,NAN
ADDY,ADELE,NAN,NAN,NAN,NAN,NAN,NAN,NAN,NAN,NAN,NAN,NAN,NAN,NAN,NAN
ADELA,DELLA,NAN,NAN,NAN,NAN,NAN,NAN,NAN,NAN,NAN,NAN,NAN,NAN,NAN,NAN
ADELAIDE,HEIDI,ADELE,DELL,ADDY,DELLA,NAN,NAN,NAN,NAN,NAN,NAN,NAN,NAN,NAN,NAN
ADELBERT,DEL,ALBERT,DELBERT,BERT,NAN,NAN,NAN,NAN,NAN,NAN,NAN,NAN,NAN,NAN,NAN
ADELE,DELL,NAN,NAN,NAN,NAN,NAN,NAN,NAN,NAN,NAN,NAN,NAN,NAN,NAN,NAN
ADELINE,DELIA,LENA,DELL,ADDY,ADA,NAN,NAN,NAN,NAN,NAN,NAN,NAN,NAN,NAN,NAN
ADELPHIA,PHILLY,DELPHIA,ADELE,DELL,ADDY,NAN,NAN,NAN,NAN,NAN,NAN,NAN,NAN,NAN,NAN
ADOLPHUS,DOLPH,ADO,ADOLPH,NAN,NAN,NAN,NAN,NAN,NAN,NAN,NAN,NAN,NAN,NAN,NAN
ADRIAN,RIAN,NAN,NAN,NAN,NAN,NAN,NAN,NAN,NAN,NAN,NAN,NAN,NAN,NAN,NAN
ADRIENNE,ADRIAN,NAN,NAN,NAN,NAN,NAN,NAN,NAN,NAN,NAN,NAN,NAN,NAN,NAN,NAN
AGATHA,AGGY,NAN,NAN,NAN,NAN,NAN,NAN,NAN,NAN,NAN,NAN,NAN,NAN,NAN,NAN
AGNES,INEZ,AGGY,NESSA,NAN,NAN,NAN,NAN,NAN,NAN,NAN,NAN,NAN,NAN,NAN,NAN
AILEEN,LENA,ALLIE,NAN,NAN,NAN,NAN,NAN,NAN,NAN,NAN,NAN,NAN,NAN,NAN,NAN
AL,ALBERT,BERT,ALEX,NAN,NAN,NAN,NAN,NAN,NAN,NAN,NAN,NAN,NAN,NAN,NAN
ALAN,AL,NAN,NAN,NAN,NAN,NAN,NAN,NAN,NAN,NAN,NAN,NAN,NAN,NAN,NAN
ALANSON,AL,LANSON,NAN,NAN,NAN,NAN,NAN,NAN,NAN,NAN,NAN,NAN,NAN,NAN,NAN
ALASTAIR,AL,NAN,NAN,NAN,NAN,NAN,NAN,NAN,NAN,NAN,NAN,NAN,NAN,NAN,NAN
ALAZAMA,ALI,NAN,NAN,NAN,NAN,NAN,NAN,NAN,NAN,NAN,NAN,NAN,NAN,NAN,NAN
ALBERT,BERT,AL,NAN,NAN,NAN,NAN,NAN,NAN,NAN,NAN,NAN,NAN,NAN,NAN,NAN
ALBERTA,BERT,ALLIE,BERTIE,NAN,NAN,NAN,NAN,NAN,NAN,NAN,NAN,NAN,NAN,NAN,NAN
ALDO,AL,NAN,NAN,NAN,NAN,NAN,NAN,NAN,NAN,NAN,NAN,NAN,NAN,NAN,NAN
ALDRICH,RICHE,RICH,NAN,NAN,NAN,NAN,NAN,NAN,NAN,NAN,NAN,NAN,NAN,NAN,NAN
ALEVA,LEVY,LEVE,NAN,NAN,NAN,NAN,NAN,NAN,NAN,NAN,NAN,NAN,NAN,NAN,NAN
ALEX,ALEXANDRA,ALEXANDER,NAN,NAN,NAN,NAN,NAN,NAN,NAN,NAN,NAN,NAN,NAN,NAN,NAN
ALEXANDER,ALEX,AL,SANDY,NAN,NAN,NAN,NAN,NAN,NAN,NAN,NAN,NAN,NAN,NAN,NAN
ALEXANDRA,ALEX,SANDY,ALLA,SANDRA,NAN,NAN,NAN,NAN,NAN,NAN,NAN,NAN,NAN,NAN,NAN
ALEXANDRIA,DRINA,ALEXANDER,ALLA,SANDRA,NAN,NAN,NAN,NAN,NAN,NAN,NAN,NAN,NAN,NAN,NAN
ALEXIS,LEXI,NAN,NAN,NAN,NAN,NAN,NAN,NAN,NAN,NAN,NAN,NAN,NAN,NAN,NAN
ALFONSE,AL,NAN,NAN,NAN,NAN,NAN,NAN,NAN,NAN,NAN,NAN,NAN,NAN,NAN,NAN
ALFRED,FREDDY,AL,FRED,NAN,NAN,NAN,NAN,NAN,NAN,NAN,NAN,NAN,NAN,NAN,NAN
ALFREDA,FREDDY,ALFY,FREDA,FRIEDA,NAN,NAN,NAN,NAN,NAN,NAN,NAN,NAN,NAN,NAN,NAN
ALGERNON,ALGY,NAN,NAN,NAN,NAN,NAN,NAN,NAN,NAN,NAN,NAN,NAN,NAN,NAN,NAN
ALICE,LISA,ELSIE,ALLIE,NAN,NAN,NAN,NAN,NAN,NAN,NAN,NAN,NAN,NAN,NAN,NAN
ALICIA,LISA,ELSIE,ALLIE,NAN,NAN,NAN,NAN,NAN,NAN,NAN,NAN,NAN,NAN,NAN,NAN
ALINE,ADELINE,NAN,NAN,NAN,NAN,NAN,NAN,NAN,NAN,NAN,NAN,NAN,NAN,NAN,NAN
ALISON,ALI,NAN,NAN,NAN,NAN,NAN,NAN,NAN,NAN,NAN,NAN,NAN,NAN,NAN,NAN
ALLAN,AL,NAN,NAN,NAN,NAN,NAN,NAN,NAN,NAN,NAN,NAN,NAN,NAN,NAN,NAN
ALLEN,AL,NAN,NAN,NAN,NAN,NAN,NAN,NAN,NAN,NAN,NAN,NAN,NAN,NAN,NAN
ALLISANDRA,ALLIE,NAN,NAN,NAN,NAN,NAN,NAN,NAN,NAN,NAN,NAN,NAN,NAN,NAN,NAN
ALMENA,MENA,ALLIE,NAN,NAN,NAN,NAN,NAN,NAN,NAN,NAN,NAN,NAN,NAN,NAN,NAN
ALMINA,MINNIE,NAN,NAN,NAN,NAN,NAN,NAN,NAN,NAN,NAN,NAN,NAN,NAN,NAN,NAN
ALMIRA,MYRA,NAN,NAN,NAN,NAN,NAN,NAN,NAN,NAN,NAN,NAN,NAN,NAN,NAN,NAN
ALONZO,LON,AL,LONZO,NAN,NAN,NAN,NAN,NAN,NAN,NAN,NAN,NAN,NAN,NAN,NAN
ALPHINIAS,ALPHUS,NAN,NAN,NAN,NAN,NAN,NAN,NAN,NAN,NAN,NAN,NAN,NAN,NAN,NAN
ALVERTA,VIRDIE,VERT,NAN,NAN,NAN,NAN,NAN,NAN,NAN,NAN,NAN,NAN,NAN,NAN,NAN
ALYSSA,LISSIA,AL,ALLY,NAN,NAN,NAN,NAN,NAN,NAN,NAN,NAN,NAN,NAN,NAN,NAN
ALZADA,ZADA,NAN,NAN,NAN,NAN,NAN,NAN,NAN,NAN,NAN,NAN,NAN,NAN,NAN,NAN
AMANDA,MANDY,MANDA,NAN,NAN,NAN,NAN,NAN,NAN,NAN,NAN,NAN,NAN,NAN,NAN,NAN
AMBROSE,BROSE,NAN,NAN,NAN,NAN,NAN,NAN,NAN,NAN,NAN,NAN,NAN,NAN,NAN,NAN
AMELIA,AMY,MEL,MILLIE,EMILY,NAN,NAN,NAN,NAN,NAN,NAN,NAN,NAN,NAN,NAN,NAN
AMOS,MOSES,NAN,NAN,NAN,NAN,NAN,NAN,NAN,NAN,NAN,NAN,NAN,NAN,NAN,NAN
ANASTASIA,ANA,STACY,NAN,NAN,NAN,NAN,NAN,NAN,NAN,NAN,NAN,NAN,NAN,NAN,NAN
ANDERSON,ANDY,NAN,NAN,NAN,NAN,NAN,NAN,NAN,NAN,NAN,NAN,NAN,NAN,NAN,NAN
ANDREA,DREA,REA,ANDREW,NAN,NAN,NAN,NAN,NAN,NAN,NAN,NAN,NAN,NAN,NAN,NAN
ANDREW,ANDY,DREW,NAN,NAN,NAN,NAN,NAN,NAN,NAN,NAN,NAN,NAN,NAN,NAN,NAN
ANDY,ANDREW,DREW,NAN,NAN,NAN,NAN,NAN,NAN,NAN,NAN,NAN,NAN,NAN,NAN,NAN
ANGELA,ANGELICA,ANGELINA,ANGEL,ANGELINE,JANE,ANGIE,NAN,NAN,NAN,NAN,NAN,NAN,NAN,NAN,NAN
ANGELINA,LINA,NAN,NAN,NAN,NAN,NAN,NAN,NAN,NAN,NAN,NAN,NAN,NAN,NAN,NAN
ANN,NANA,NAN,NANCY,ANNIE,NANNY,NAN,NAN,NAN,NAN,NAN,NAN,NAN,NAN,NAN,NAN
ANNA,ANNE,ANN,ANNIE,NAN,NAN,NAN,NAN,NAN,NAN,NAN,NAN,NAN,NAN,NAN,NAN
ANNE,ANNIE,NANA,ANN,NAN,NANNY,NANCY,NAN,NAN,NAN,NAN,NAN,NAN,NAN,NAN,NAN
ANNETTE,ANNA,NETTIE,NAN,NAN,NAN,NAN,NAN,NAN,NAN,NAN,NAN,NAN,NAN,NAN,NAN
ANNIE,ANN,ANNA,NAN,NAN,NAN,NAN,NAN,NAN,NAN,NAN,NAN,NAN,NAN,NAN,NAN
ANSELM,ANSEL,SELMA,ANSE,ANCE,NAN,NAN,NAN,NAN,NAN,NAN,NAN,NAN,NAN,NAN,NAN
ANTHONY,TONY,NAN,NAN,NAN,NAN,NAN,NAN,NAN,NAN,NAN,NAN,NAN,NAN,NAN,NAN
ANTOINETTE,TONY,NETTA,ANN,NAN,NAN,NAN,NAN,NAN,NAN,NAN,NAN,NAN,NAN,NAN,NAN
ANTONIA,TONY,NETTA,ANN,NAN,NAN,NAN,NAN,NAN,NAN,NAN,NAN,NAN,NAN,NAN,NAN
APPOLINE,APPY,APPIE,NAN,NAN,NAN,NAN,NAN,NAN,NAN,NAN,NAN,NAN,NAN,NAN,NAN
AQUILLA,QUIL,QUILLIE,NAN,NAN,NAN,NAN,NAN,NAN,NAN,NAN,NAN,NAN,NAN,NAN,NAN
ARA,BELLE,ARRY,NAN,NAN,NAN,NAN,NAN,NAN,NAN,NAN,NAN,NAN,NAN,NAN,NAN
ARABELLA,ARA,BELLA,ARRY,BELLE,NAN,NAN,NAN,NAN,NAN,NAN,NAN,NAN,NAN,NAN,NAN
ARABELLE,ARA,BELLA,ARRY,BELLE,NAN,NAN,NAN,NAN,NAN,NAN,NAN,NAN,NAN,NAN,NAN
ARAMINTA,ARMIDA,MIDDIE,RUMINTA,MINTY,NAN,NAN,NAN,NAN,NAN,NAN,NAN,NAN,NAN,NAN,NAN
ARCHIBALD,ARCHIE,NAN,NAN,NAN,NAN,NAN,NAN,NAN,NAN,NAN,NAN,NAN,NAN,NAN,NAN
ARCHILLES,KILL,KILLIS,NAN,NAN,NAN,NAN,NAN,NAN,NAN,NAN,NAN,NAN,NAN,NAN,NAN
ARIADNE,ARIE,NAN,NAN,NAN,NAN,NAN,NAN,NAN,NAN,NAN,NAN,NAN,NAN,NAN,NAN
ARIELLE,ARIE,NAN,NAN,NAN,NAN,NAN,NAN,NAN,NAN,NAN,NAN,NAN,NAN,NAN,NAN
ARISTOTLE,TELLY,NAN,NAN,NAN,NAN,NAN,NAN,NAN,NAN,NAN,NAN,NAN,NAN,NAN,NAN
ARIZONA,ONIE,ONA,NAN,NAN,NAN,NAN,NAN,NAN,NAN,NAN,NAN,NAN,NAN,NAN,NAN
ARLENE,ARLY,LENA,NAN,NAN,NAN,NAN,NAN,NAN,NAN,NAN,NAN,NAN,NAN,NAN,NAN
ARMANDA,MANDY,NAN,NAN,NAN,NAN,NAN,NAN,NAN,NAN,NAN,NAN,NAN,NAN,NAN,NAN
ARMENA,MENA,ARRY,NAN,NAN,NAN,NAN,NAN,NAN,NAN,NAN,NAN,NAN,NAN,NAN,NAN
ARMILDA,MILLY,NAN,NAN,NAN,NAN,NAN,NAN,NAN,NAN,NAN,NAN,NAN,NAN,NAN,NAN
ARMINDA,MINDIE,NAN,NAN,NAN,NAN,NAN,NAN,NAN,NAN,NAN,NAN,NAN,NAN,NAN,NAN
ARMINTA,MINITE,MINNIE,NAN,NAN,NAN,NAN,NAN,NAN,NAN,NAN,NAN,NAN,NAN,NAN,NAN
ARNOLD,ARNIE,NAN,NAN,NAN,NAN,NAN,NAN,NAN,NAN,NAN,NAN,NAN,NAN,NAN,NAN
ART,ARTHUR,NAN,NAN,NAN,NAN,NAN,NAN,NAN,NAN,NAN,NAN,NAN,NAN,NAN,NAN
ARTELEPSA,EPSEY,NAN,NAN,NAN,NAN,NAN,NAN,NAN,NAN,NAN,NAN,NAN,NAN,NAN,NAN
ARTEMUS,ART,NAN,NAN,NAN,NAN,NAN,NAN,NAN,NAN,NAN,NAN,NAN,NAN,NAN,NAN
ARTHUR,ART,NAN,NAN,NAN,NAN,NAN,NAN,NAN,NAN,NAN,NAN,NAN,NAN,NAN,NAN
ARTHUSA,THURSA,NAN,NAN,NAN,NAN,NAN,NAN,NAN,NAN,NAN,NAN,NAN,NAN,NAN,NAN
ARZADA,ZADDI,NAN,NAN,NAN,NAN,NAN,NAN,NAN,NAN,NAN,NAN,NAN,NAN,NAN,NAN
ASAHEL,ASA,NAN,NAN,NAN,NAN,NAN,NAN,NAN,NAN,NAN,NAN,NAN,NAN,NAN,NAN
ASAPH,ASA,NAN,NAN,NAN,NAN,NAN,NAN,NAN,NAN,NAN,NAN,NAN,NAN,NAN,NAN
ASENATH,SENE,ASSENE,NATTY,NAN,NAN,NAN,NAN,NAN,NAN,NAN,NAN,NAN,NAN,NAN,NAN
AUBREY,BREE,NAN,NAN,NAN,NAN,NAN,NAN,NAN,NAN,NAN,NAN,NAN,NAN,NAN,NAN
AUDREY,DEE,NAN,NAN,NAN,NAN,NAN,NAN,NAN,NAN,NAN,NAN,NAN,NAN,NAN,NAN
AUGUST,GUS,NAN,NAN,NAN,NAN,NAN,NAN,NAN,NAN,NAN,NAN,NAN,NAN,NAN,NAN
AUGUSTA,TINA,AGGY,GATSY,GUSSIE,NAN,NAN,NAN,NAN,NAN,NAN,NAN,NAN,NAN,NAN,NAN
AUGUSTINA,TINA,AGGY,GATSY,GUSSIE,NAN,NAN,NAN,NAN,NAN,NAN,NAN,NAN,NAN,NAN,NAN
AUGUSTINE,GUS,AUSTIN,AUGUST,NAN,NAN,NAN,NAN,NAN,NAN,NAN,NAN,NAN,NAN,NAN,NAN
AUGUSTUS,GUS,AUSTIN,AUGUST,NAN,NAN,NAN,NAN,NAN,NAN,NAN,NAN,NAN,NAN,NAN,NAN
AURELIA,REE,RILLY,ORILLA,AURILLA,ORA,NAN,NAN,NAN,NAN,NAN,NAN,NAN,NAN,NAN,NAN
AVARILLA,RILLA,NAN,NAN,NAN,NAN,NAN,NAN,NAN,NAN,NAN,NAN,NAN,NAN,NAN,NAN
AZARIAH,RIAH,AZE,NAN,NAN,NAN,NAN,NAN,NAN,NAN,NAN,NAN,NAN,NAN,NAN,NAN
BAB,BARBY,NAN,NAN,NAN,NAN,NAN,NAN,NAN,NAN,NAN,NAN,NAN,NAN,NAN,NAN
BABS,BARBY,BARBARA,BAB,NAN,NAN,NAN,NAN,NAN,NAN,NAN,NAN,NAN,NAN,NAN,NAN
BARBARA,BARBY,BABS,BAB,BOBBIE,NAN,NAN,NAN,NAN,NAN,NAN,NAN,NAN,NAN,NAN,NAN
BARBERY,BARBARA,NAN,NAN,NAN,NAN,NAN,NAN,NAN,NAN,NAN,NAN,NAN,NAN,NAN,NAN
BARBIE,BARBARA,NAN,NAN,NAN,NAN,NAN,NAN,NAN,NAN,NAN,NAN,NAN,NAN,NAN,NAN
BARNABAS,BARNEY,NAN,NAN,NAN,NAN,NAN,NAN,NAN,NAN,NAN,NAN,NAN,NAN,NAN,NAN
BARNEY,BARNABAS,NAN,NAN,NAN,NAN,NAN,NAN,NAN,NAN,NAN,NAN,NAN,NAN,NAN,NAN
BART,BARTHOLOMEW,NAN,NAN,NAN,NAN,NAN,NAN,NAN,NAN,NAN,NAN,NAN,NAN,NAN,NAN
BARTHOLOMEW,BARTEL,BAT,MEUS,BART,MEES,NAN,NAN,NAN,NAN,NAN,NAN,NAN,NAN,NAN,NAN
BARTICUS,BART,NAN,NAN,NAN,NAN,NAN,NAN,NAN,NAN,NAN,NAN,NAN,NAN,NAN,NAN
BAZALEEL,BASIL,NAN,NAN,NAN,NAN,NAN,NAN,NAN,NAN,NAN,NAN,NAN,NAN,NAN,NAN
BEA,BEATRICE,NAN,NAN,NAN,NAN,NAN,NAN,NAN,NAN,NAN,NAN,NAN,NAN,NAN,NAN
BEATRICE,BEA,TRISHA,TRIXIE,TRIX,NAN,NAN,NAN,NAN,NAN,NAN,NAN,NAN,NAN,NAN,NAN
BECCA,BECK,NAN,NAN,NAN,NAN,NAN,NAN,NAN,NAN,NAN,NAN,NAN,NAN,NAN,NAN
BECK,BECKY,NAN,NAN,NAN,NAN,NAN,NAN,NAN,NAN,NAN,NAN,NAN,NAN,NAN,NAN
BEDELIA,DELIA,BRIDGIT,NAN,NAN,NAN,NAN,NAN,NAN,NAN,NAN,NAN,NAN,NAN,NAN,NAN
BELINDA,BELLE,LINDA,NAN,NAN,NAN,NAN,NAN,NAN,NAN,NAN,NAN,NAN,NAN,NAN,NAN
BELLA,BELLE,ARABELLA,ISABELLA,NAN,NAN,NAN,NAN,NAN,NAN,NAN,NAN,NAN,NAN,NAN,NAN
BEN,BENJAMIN,BENNIE,NAN,NAN,NAN,NAN,NAN,NAN,NAN,NAN,NAN,NAN,NAN,NAN,NAN
BENEDICT,BENNIE,BEN,NAN,NAN,NAN,NAN,NAN,NAN,NAN,NAN,NAN,NAN,NAN,NAN,NAN
BENJAMIN,BENJY,JAMIE,BENNIE,BEN,NAN,NAN,NAN,NAN,NAN,NAN,NAN,NAN,NAN,NAN,NAN
BENJY,BENJAMIN,NAN,NAN,NAN,NAN,NAN,NAN,NAN,NAN,NAN,NAN,NAN,NAN,NAN,NAN
BERNARD,BARNEY,BERNIE,BERNEY,NAN,NAN,NAN,NAN,NAN,NAN,NAN,NAN,NAN,NAN,NAN,NAN
BERNEY,BERNIE,NAN,NAN,NAN,NAN,NAN,NAN,NAN,NAN,NAN,NAN,NAN,NAN,NAN,NAN
BERT,BERTIE,BOB,BOBBY,NAN,NAN,NAN,NAN,NAN,NAN,NAN,NAN,NAN,NAN,NAN,NAN
BERTHA,BERT,BIRDIE,BERTIE,NAN,NAN,NAN,NAN,NAN,NAN,NAN,NAN,NAN,NAN,NAN,NAN
BERTRAM,BERT,NAN,NAN,NAN,NAN,NAN,NAN,NAN,NAN,NAN,NAN,NAN,NAN,NAN,NAN
BESS,BESSIE,NAN,NAN,NAN,NAN,NAN,NAN,NAN,NAN,NAN,NAN,NAN,NAN,NAN,NAN
BETH,BETSY,BETTY,ELIZABETH,NAN,NAN,NAN,NAN,NAN,NAN,NAN,NAN,NAN,NAN,NAN,NAN
BETHENA,BETH,THANEY,NAN,NAN,NAN,NAN,NAN,NAN,NAN,NAN,NAN,NAN,NAN,NAN,NAN
BEVERLY,BEV,NAN,NAN,NAN,NAN,NAN,NAN,NAN,NAN,NAN,NAN,NAN,NAN,NAN,NAN
BEZALEEL,ZEELY,NAN,NAN,NAN,NAN,NAN,NAN,NAN,NAN,NAN,NAN,NAN,NAN,NAN,NAN
BIDDIE,BIDDY,NAN,NAN,NAN,NAN,NAN,NAN,NAN,NAN,NAN,NAN,NAN,NAN,NAN,NAN
BILL,WILLIAM,BILLY,ROBERT,WILLIE,FRED,NAN,NAN,NAN,NAN,NAN,NAN,NAN,NAN,NAN,NAN
BILLY,WILLIAM,ROBERT,FRED,NAN,NAN,NAN,NAN,NAN,NAN,NAN,NAN,NAN,NAN,NAN,NAN
BLANCHE,BEA,NAN,NAN,NAN,NAN,NAN,NAN,NAN,NAN,NAN,NAN,NAN,NAN,NAN,NAN
BOB,ROB,ROBERT,NAN,NAN,NAN,NAN,NAN,NAN,NAN,NAN,NAN,NAN,NAN,NAN,NAN
BOBBY,ROB,BOB,NAN,NAN,NAN,NAN,NAN,NAN,NAN,NAN,NAN,NAN,NAN,NAN,NAN
BOETIUS,BO,NAN,NAN,NAN,NAN,NAN,NAN,NAN,NAN,NAN,NAN,NAN,NAN,NAN,NAN
BRAD,BRADFORD,FORD,NAN,NAN,NAN,NAN,NAN,NAN,NAN,NAN,NAN,NAN,NAN,NAN,NAN
BRADFORD,FORD,BRAD,NAN,NAN,NAN,NAN,NAN,NAN,NAN,NAN,NAN,NAN,NAN,NAN,NAN
BRADY,BRODY,NAN,NAN,NAN,NAN,NAN,NAN,NAN,NAN,NAN,NAN,NAN,NAN,NAN,NAN
BRENDA,BRANDY,NAN,NAN,NAN,NAN,NAN,NAN,NAN,NAN,NAN,NAN,NAN,NAN,NAN,NAN
BRIAN,BRYAN,BRYANT,NAN,NAN,NAN,NAN,NAN,NAN,NAN,NAN,NAN,NAN,NAN,NAN,NAN
BRIDGET,BRIDIE,BIDDY,BRIDGIE,BIDDIE,NAN,NAN,NAN,NAN,NAN,NAN,NAN,NAN,NAN,NAN,NAN
BRITTANY,BRITT,NAN,NAN,NAN,NAN,NAN,NAN,NAN,NAN,NAN,NAN,NAN,NAN,NAN,NAN
BRODERICK,RICKY,BRODY,BRADY,RICK,NAN,NAN,NAN,NAN,NAN,NAN,NAN,NAN,NAN,NAN,NAN
CAL,CALVIN,NAN,NAN,NAN,NAN,NAN,NAN,NAN,NAN,NAN,NAN,NAN,NAN,NAN,NAN
CALDONIA,CALLIEDONA,NAN,NAN,NAN,NAN,NAN,NAN,NAN,NAN,NAN,NAN,NAN,NAN,NAN,NAN
CALEB,CAL,NAN,NAN,NAN,NAN,NAN,NAN,NAN,NAN,NAN,NAN,NAN,NAN,NAN,NAN
CALIFORNIA,CALLIE,NAN,NAN,NAN,NAN,NAN,NAN,NAN,NAN,NAN,NAN,NAN,NAN,NAN,NAN
CALISTA,KISSY,NAN,NAN,NAN,NAN,NAN,NAN,NAN,NAN,NAN,NAN,NAN,NAN,NAN,NAN
CALPURNIA,CALLY,NAN,NAN,NAN,NAN,NAN,NAN,NAN,NAN,NAN,NAN,NAN,NAN,NAN,NAN
CALVIN,VIN,VINNY,CAL,NAN,NAN,NAN,NAN,NAN,NAN,NAN,NAN,NAN,NAN,NAN,NAN
CAMERON,RON,CAM,RONNY,NAN,NAN,NAN,NAN,NAN,NAN,NAN,NAN,NAN,NAN,NAN,NAN
CAMILLE,MILLIE,CAMMIE,NAN,NAN,NAN,NAN,NAN,NAN,NAN,NAN,NAN,NAN,NAN,NAN,NAN
CAMPBELL,CAM,NAN,NAN,NAN,NAN,NAN,NAN,NAN,NAN,NAN,NAN,NAN,NAN,NAN,NAN
CANDACE,CANDY,DACEY,NAN,NAN,NAN,NAN,NAN,NAN,NAN,NAN,NAN,NAN,NAN,NAN,NAN
CARLOTTA,LOTTIE,NAN,NAN,NAN,NAN,NAN,NAN,NAN,NAN,NAN,NAN,NAN,NAN,NAN,NAN
CARLTON,CARL,NAN,NAN,NAN,NAN,NAN,NAN,NAN,NAN,NAN,NAN,NAN,NAN,NAN,NAN
CARMELLIA,MELLIA,NAN,NAN,NAN,NAN,NAN,NAN,NAN,NAN,NAN,NAN,NAN,NAN,NAN,NAN
CARMON,CHARM,CAMMIE,CARM,NAN,NAN,NAN,NAN,NAN,NAN,NAN,NAN,NAN,NAN,NAN,NAN
CAROL,LYNN,CARRIE,CAROLANN,CASSIE,CAROLINE,CAROLE,NAN,NAN,NAN,NAN,NAN,NAN,NAN,NAN,NAN
CAROLANN,CAROL,CAROLE,NAN,NAN,NAN,NAN,NAN,NAN,NAN,NAN,NAN,NAN,NAN,NAN,NAN
CAROLINE,LYNN,CAROL,CARRIE,CASSIE,CAROLE,NAN,NAN,NAN,NAN,NAN,NAN,NAN,NAN,NAN,NAN
CAROLYN,LYNN,CARRIE,CASSIE,NAN,NAN,NAN,NAN,NAN,NAN,NAN,NAN,NAN,NAN,NAN,NAN
CARRIE,CASSIE,NAN,NAN,NAN,NAN,NAN,NAN,NAN,NAN,NAN,NAN,NAN,NAN,NAN,NAN
CARTHAETTE,ETTA,ETTY,NAN,NAN,NAN,NAN,NAN,NAN,NAN,NAN,NAN,NAN,NAN,NAN,NAN
CASEY,K.C.,NAN,NAN,NAN,NAN,NAN,NAN,NAN,NAN,NAN,NAN,NAN,NAN,NAN,NAN
CASPER,JASPER,NAN,NAN,NAN,NAN,NAN,NAN,NAN,NAN,NAN,NAN,NAN,NAN,NAN,NAN
CASSANDRA,SANDY,CASSIE,SANDRA,NAN,NAN,NAN,NAN,NAN,NAN,NAN,NAN,NAN,NAN,NAN,NAN
CASSIE,CASSANDRA,NAN,NAN,NAN,NAN,NAN,NAN,NAN,NAN,NAN,NAN,NAN,NAN,NAN,NAN
CASWELL,CASS,NAN,NAN,NAN,NAN,NAN,NAN,NAN,NAN,NAN,NAN,NAN,NAN,NAN,NAN
CATHERINE,KATHY,KATY,LENA,KITTIE,KIT,TRINA,CATHY,KAY,CASSIE,NAN,NAN,NAN,NAN,NAN,NAN
CATHLEEN,KATHY,KATY,LENA,KITTIE,KIT,TRINA,CATHY,KAY,CASSIE,NAN,NAN,NAN,NAN,NAN,NAN
CATHY,KATHY,CATHLEEN,CATHERINE,NAN,NAN,NAN,NAN,NAN,NAN,NAN,NAN,NAN,NAN,NAN,NAN
CECILIA,CISSY,CELIA,NAN,NAN,NAN,NAN,NAN,NAN,NAN,NAN,NAN,NAN,NAN,NAN,NAN
CEDRIC,CED,RICK,RICKY,NAN,NAN,NAN,NAN,NAN,NAN,NAN,NAN,NAN,NAN,NAN,NAN
CELESTE,LESSIE,CELIA,NAN,NAN,NAN,NAN,NAN,NAN,NAN,NAN,NAN,NAN,NAN,NAN,NAN
CELINDA,LINDA,LYNN,LINDY,NAN,NAN,NAN,NAN,NAN,NAN,NAN,NAN,NAN,NAN,NAN,NAN
CHARITY,CHAT,NAN,NAN,NAN,NAN,NAN,NAN,NAN,NAN,NAN,NAN,NAN,NAN,NAN,NAN
CHARLES,CHARLIE,CHUCK,CARL,CHICK,NAN,NAN,NAN,NAN,NAN,NAN,NAN,NAN,NAN,NAN,NAN
CHARLIE,CHARLES,CHUCK,NAN,NAN,NAN,NAN,NAN,NAN,NAN,NAN,NAN,NAN,NAN,NAN,NAN
CHARLOTTE,CHAR,SHERRY,LOTTIE,LOTTA,NAN,NAN,NAN,NAN,NAN,NAN,NAN,NAN,NAN,NAN,NAN
CHAUNCEY,CHAN,NAN,NAN,NAN,NAN,NAN,NAN,NAN,NAN,NAN,NAN,NAN,NAN,NAN,NAN
CHER,SHER,NAN,NAN,NAN,NAN,NAN,NAN,NAN,NAN,NAN,NAN,NAN,NAN,NAN,NAN
CHERYL,SHERYL,NAN,NAN,NAN,NAN,NAN,NAN,NAN,NAN,NAN,NAN,NAN,NAN,NAN,NAN
CHESLEY,CHET,NAN,NAN,NAN,NAN,NAN,NAN,NAN,NAN,NAN,NAN,NAN,NAN,NAN,NAN
CHESTER,CHET,NAN,NAN,NAN,NAN,NAN,NAN,NAN,NAN,NAN,NAN,NAN,NAN,NAN,NAN
CHET,CHESTER,NAN,NAN,NAN,NAN,NAN,NAN,NAN,NAN,NAN,NAN,NAN,NAN,NAN,NAN
CHICK,CHARLOTTE,CAROLINE,CHUCK,NAN,NAN,NAN,NAN,NAN,NAN,NAN,NAN,NAN,NAN,NAN,NAN
CHLOE,CLO,NAN,NAN,NAN,NAN,NAN,NAN,NAN,NAN,NAN,NAN,NAN,NAN,NAN,NAN
CHRIS,CHRISTINA,CHRISTOPHER,CHRISTINE,NAN,NAN,NAN,NAN,NAN,NAN,NAN,NAN,NAN,NAN,NAN,NAN
CHRISTA,CHRIS,NAN,NAN,NAN,NAN,NAN,NAN,NAN,NAN,NAN,NAN,NAN,NAN,NAN,NAN
CHRISTIAN,CHRIS,KIT,NAN,NAN,NAN,NAN,NAN,NAN,NAN,NAN,NAN,NAN,NAN,NAN,NAN
CHRISTIANA,KRIS,KRISTY,ANN,TINA,CHRISTY,CHRIS,CRISSY,NAN,NAN,NAN,NAN,NAN,NAN,NAN,NAN
CHRISTINA,KRIS,KRISTY,TINA,CHRISTY,CHRIS,CRISSY,NAN,NAN,NAN,NAN,NAN,NAN,NAN,NAN,NAN
CHRISTINE,KRIS,KRISTY,CHRISSY,TINA,CHRIS,CRISSY,NAN,NAN,NAN,NAN,NAN,NAN,NAN,NAN,NAN
CHRISTOPHER,CHRIS,KIT,NAN,NAN,NAN,NAN,NAN,NAN,NAN,NAN,NAN,NAN,NAN,NAN,NAN
CHRISTY,CRISSY,NAN,NAN,NAN,NAN,NAN,NAN,NAN,NAN,NAN,NAN,NAN,NAN,NAN,NAN
CICELY,CILLA,NAN,NAN,NAN,NAN,NAN,NAN,NAN,NAN,NAN,NAN,NAN,NAN,NAN,NAN
CINDERELLA,ARILLA,RELLA,CINDY,RILLA,NAN,NAN,NAN,NAN,NAN,NAN,NAN,NAN,NAN,NAN,NAN
CINDY,CINDERLLA,NAN,NAN,NAN,NAN,NAN,NAN,NAN,NAN,NAN,NAN,NAN,NAN,NAN,NAN
CLAIR,CLARE,CLARA,NAN,NAN,NAN,NAN,NAN,NAN,NAN,NAN,NAN,NAN,NAN,NAN,NAN
CLARA,CLARISSA,NAN,NAN,NAN,NAN,NAN,NAN,NAN,NAN,NAN,NAN,NAN,NAN,NAN,NAN
CLARE,CLARA,NAN,NAN,NAN,NAN,NAN,NAN,NAN,NAN,NAN,NAN,NAN,NAN,NAN,NAN
CLARENCE,CLARE,CLAIR,NAN,NAN,NAN,NAN,NAN,NAN,NAN,NAN,NAN,NAN,NAN,NAN,NAN
CLARINDA,CLARA,NAN,NAN,NAN,NAN,NAN,NAN,NAN,NAN,NAN,NAN,NAN,NAN,NAN,NAN
CLARISSA,CISSY,CLARA,NAN,NAN,NAN,NAN,NAN,NAN,NAN,NAN,NAN,NAN,NAN,NAN,NAN
CLAUDIA,CLAUD,NAN,NAN,NAN,NAN,NAN,NAN,NAN,NAN,NAN,NAN,NAN,NAN,NAN,NAN
CLEATUS,CLEAT,NAN,NAN,NAN,NAN,NAN,NAN,NAN,NAN,NAN,NAN,NAN,NAN,NAN,NAN
CLEMENT,CLEM,NAN,NAN,NAN,NAN,NAN,NAN,NAN,NAN,NAN,NAN,NAN,NAN,NAN,NAN
CLEMENTINE,CLEMENT,CLEM,NAN,NAN,NAN,NAN,NAN,NAN,NAN,NAN,NAN,NAN,NAN,NAN,NAN
CLIFF,CLIFFORD,CLIFF,NAN,NAN,NAN,NAN,NAN,NAN,NAN,NAN,NAN,NAN,NAN,NAN,NAN
CLIFFORD,FORD,CLIFF,NAN,NAN,NAN,NAN,NAN,NAN,NAN,NAN,NAN,NAN,NAN,NAN,NAN
CLIFTON,TONY,CLIFF,NAN,NAN,NAN,NAN,NAN,NAN,NAN,NAN,NAN,NAN,NAN,NAN,NAN
COLE,COLIE,NAN,NAN,NAN,NAN,NAN,NAN,NAN,NAN,NAN,NAN,NAN,NAN,NAN,NAN
COLUMBUS,CLUM,NAN,NAN,NAN,NAN,NAN,NAN,NAN,NAN,NAN,NAN,NAN,NAN,NAN,NAN
CON,CONNY,NAN,NAN,NAN,NAN,NAN,NAN,NAN,NAN,NAN,NAN,NAN,NAN,NAN,NAN
CONRAD,CONNY,CON,NAN,NAN,NAN,NAN,NAN,NAN,NAN,NAN,NAN,NAN,NAN,NAN,NAN
CONSTANCE,CONNIE,NAN,NAN,NAN,NAN,NAN,NAN,NAN,NAN,NAN,NAN,NAN,NAN,NAN,NAN
CORDELIA,CORDY,DELIA,NAN,NAN,NAN,NAN,NAN,NAN,NAN,NAN,NAN,NAN,NAN,NAN,NAN
COREY,COCO,CORDY,REE,NAN,NAN,NAN,NAN,NAN,NAN,NAN,NAN,NAN,NAN,NAN,NAN
CORINNE,CORA,ORA,NAN,NAN,NAN,NAN,NAN,NAN,NAN,NAN,NAN,NAN,NAN,NAN,NAN
CORNELIA,NELLY,CORNIE,NELIA,CORNY,NELLE,NAN,NAN,NAN,NAN,NAN,NAN,NAN,NAN,NAN,NAN
CORNELIUS,CONNY,NIEL,CORNY,CON,NAN,NAN,NAN,NAN,NAN,NAN,NAN,NAN,NAN,NAN,NAN
CORY,COCO,CORDY,REE,NAN,NAN,NAN,NAN,NAN,NAN,NAN,NAN,NAN,NAN,NAN,NAN
COURTNEY,CURT,COURT,NAN,NAN,NAN,NAN,NAN,NAN,NAN,NAN,NAN,NAN,NAN,NAN,NAN
CRYSTAL,CHRIS,TAL,STAL,CRYS,NAN,NAN,NAN,NAN,NAN,NAN,NAN,NAN,NAN,NAN,NAN
CURT,CURTIS,NAN,NAN,NAN,NAN,NAN,NAN,NAN,NAN,NAN,NAN,NAN,NAN,NAN,NAN
CURTIS,CURT,NAN,NAN,NAN,NAN,NAN,NAN,NAN,NAN,NAN,NAN,NAN,NAN,NAN,NAN
CY,CYRUS,NAN,NAN,NAN,NAN,NAN,NAN,NAN,NAN,NAN,NAN,NAN,NAN,NAN,NAN
CYNTHIA,CINTHA,CINDY,NAN,NAN,NAN,NAN,NAN,NAN,NAN,NAN,NAN,NAN,NAN,NAN,NAN
CYRENIUS,SWENE,CY,SERENE,RENIUS,CENE,NAN,NAN,NAN,NAN,NAN,NAN,NAN,NAN,NAN,NAN
CYRUS,CY,NAN,NAN,NAN,NAN,NAN,NAN,NAN,NAN,NAN,NAN,NAN,NAN,NAN,NAN
DAISY,MARGARET,NAN,NAN,NAN,NAN,NAN,NAN,NAN,NAN,NAN,NAN,NAN,NAN,NAN,NAN
DAL,DAHL,NAN,NAN,NAN,NAN,NAN,NAN,NAN,NAN,NAN,NAN,NAN,NAN,NAN,NAN
DALTON,DAHL,NAN,NAN,NAN,NAN,NAN,NAN,NAN,NAN,NAN,NAN,NAN,NAN,NAN,NAN
DAN,DANNY,DANIEL,NAN,NAN,NAN,NAN,NAN,NAN,NAN,NAN,NAN,NAN,NAN,NAN,NAN
DANIEL,DAN,DANNY,NAN,NAN,NAN,NAN,NAN,NAN,NAN,NAN,NAN,NAN,NAN,NAN,NAN
DANIELLE,ELLIE,DANI,NAN,NAN,NAN,NAN,NAN,NAN,NAN,NAN,NAN,NAN,NAN,NAN,NAN
DANNY,DANIEL,NAN,NAN,NAN,NAN,NAN,NAN,NAN,NAN,NAN,NAN,NAN,NAN,NAN,NAN
DAPHNE,DAPH,DAPHIE,NAN,NAN,NAN,NAN,NAN,NAN,NAN,NAN,NAN,NAN,NAN,NAN,NAN
DARLENE,LENA,DARRY,NAN,NAN,NAN,NAN,NAN,NAN,NAN,NAN,NAN,NAN,NAN,NAN,NAN
DAVE,DAVID,NAN,NAN,NAN,NAN,NAN,NAN,NAN,NAN,NAN,NAN,NAN,NAN,NAN,NAN
DAVEY,DAVID,NAN,NAN,NAN,NAN,NAN,NAN,NAN,NAN,NAN,NAN,NAN,NAN,NAN,NAN
DAVID,DAVE,DAY,DAVEY,NAN,NAN,NAN,NAN,NAN,NAN,NAN,NAN,NAN,NAN,NAN,NAN
DEANNE,ANN,DEE,NAN,NAN,NAN,NAN,NAN,NAN,NAN,NAN,NAN,NAN,NAN,NAN,NAN
DEB,DEBORAH,DEBRA,NAN,NAN,NAN,NAN,NAN,NAN,NAN,NAN,NAN,NAN,NAN,NAN,NAN
DEBBIE,DEB,DEBRA,DEBORAH,DEBBY,NAN,NAN,NAN,NAN,NAN,NAN,NAN,NAN,NAN,NAN,NAN
DEBBY,DEB,NAN,NAN,NAN,NAN,NAN,NAN,NAN,NAN,NAN,NAN,NAN,NAN,NAN,NAN
DEBORA,DEB,DEBBIE,DEBBY,NAN,NAN,NAN,NAN,NAN,NAN,NAN,NAN,NAN,NAN,NAN,NAN
DEBORAH,DEB,DEBBIE,DEBBY,NAN,NAN,NAN,NAN,NAN,NAN,NAN,NAN,NAN,NAN,NAN,NAN
DEBRA,DEB,DEBBIE,NAN,NAN,NAN,NAN,NAN,NAN,NAN,NAN,NAN,NAN,NAN,NAN,NAN
DEIDRE,DEEDEE,NAN,NAN,NAN,NAN,NAN,NAN,NAN,NAN,NAN,NAN,NAN,NAN,NAN,NAN
DELBERT,BERT,DEL,NAN,NAN,NAN,NAN,NAN,NAN,NAN,NAN,NAN,NAN,NAN,NAN,NAN
DELIA,FIDELIA,CORDELIA,DELIUS,NAN,NAN,NAN,NAN,NAN,NAN,NAN,NAN,NAN,NAN,NAN,NAN
DELILAH,LIL,LILA,DELL,DELLA,NAN,NAN,NAN,NAN,NAN,NAN,NAN,NAN,NAN,NAN,NAN
DELIVERANCE,DELLY,DILLY,DELLA,NAN,NAN,NAN,NAN,NAN,NAN,NAN,NAN,NAN,NAN,NAN,NAN
DELL,DELLA,NAN,NAN,NAN,NAN,NAN,NAN,NAN,NAN,NAN,NAN,NAN,NAN,NAN,NAN
DELLA,ADELA,DELILAH,ADELAIDE,NAN,NAN,NAN,NAN,NAN,NAN,NAN,NAN,NAN,NAN,NAN,NAN
DELORES,LOLLY,LOLA,DELLA,DEE,DELL,NAN,NAN,NAN,NAN,NAN,NAN,NAN,NAN,NAN,NAN
DELPHA,PHILADELPHIA,NAN,NAN,NAN,NAN,NAN,NAN,NAN,NAN,NAN,NAN,NAN,NAN,NAN,NAN
DELPHINE,DELPHI,DEL,DELF,NAN,NAN,NAN,NAN,NAN,NAN,NAN,NAN,NAN,NAN,NAN,NAN
DEMARIS,DEA,MARIS,MARY,NAN,NAN,NAN,NAN,NAN,NAN,NAN,NAN,NAN,NAN,NAN,NAN
DEMERIAS,DEA,MARIS,MARY,NAN,NAN,NAN,NAN,NAN,NAN,NAN,NAN,NAN,NAN,NAN,NAN
DEMOCRATES,MOCK,NAN,NAN,NAN,NAN,NAN,NAN,NAN,NAN,NAN,NAN,NAN,NAN,NAN,NAN
DENISE,DENNIS,NAN,NAN,NAN,NAN,NAN,NAN,NAN,NAN,NAN,NAN,NAN,NAN,NAN,NAN
DENNIS,DENNY,NAN,NAN,NAN,NAN,NAN,NAN,NAN,NAN,NAN,NAN,NAN,NAN,NAN,NAN
DENNISON,DENNY,NAN,NAN,NAN,NAN,NAN,NAN,NAN,NAN,NAN,NAN,NAN,NAN,NAN,NAN
DERRICK,RICKY,ERIC,RICK,NAN,NAN,NAN,NAN,NAN,NAN,NAN,NAN,NAN,NAN,NAN,NAN
DEUTERONOMY,DUTY,NAN,NAN,NAN,NAN,NAN,NAN,NAN,NAN,NAN,NAN,NAN,NAN,NAN,NAN
DIANA,DICEY,DIDI,DI,NAN,NAN,NAN,NAN,NAN,NAN,NAN,NAN,NAN,NAN,NAN,NAN
DIANE,DICEY,DIDI,DI,NAN,NAN,NAN,NAN,NAN,NAN,NAN,NAN,NAN,NAN,NAN,NAN
DICEY,DICIE,NAN,NAN,NAN,NAN,NAN,NAN,NAN,NAN,NAN,NAN,NAN,NAN,NAN,NAN
DICK,RICK,RICHARD,NAN,NAN,NAN,NAN,NAN,NAN,NAN,NAN,NAN,NAN,NAN,NAN,NAN
DICKSON,DICK,NAN,NAN,NAN,NAN,NAN,NAN,NAN,NAN,NAN,NAN,NAN,NAN,NAN,NAN
DOMENIC,DOM,NAN,NAN,NAN,NAN,NAN,NAN,NAN,NAN,NAN,NAN,NAN,NAN,NAN,NAN
DOMINIC,DOM,NAN,NAN,NAN,NAN,NAN,NAN,NAN,NAN,NAN,NAN,NAN,NAN,NAN,NAN
DON,DONALD,NAN,NAN,NAN,NAN,NAN,NAN,NAN,NAN,NAN,NAN,NAN,NAN,NAN,NAN
DONALD,DONY,DONNIE,DON,DONNY,NAN,NAN,NAN,NAN,NAN,NAN,NAN,NAN,NAN,NAN,NAN
DONNIE,DONALD,DONNY,NAN,NAN,NAN,NAN,NAN,NAN,NAN,NAN,NAN,NAN,NAN,NAN,NAN
DONNY,DONALD,NAN,NAN,NAN,NAN,NAN,NAN,NAN,NAN,NAN,NAN,NAN,NAN,NAN,NAN
DORCUS,DARKEY,NAN,NAN,NAN,NAN,NAN,NAN,NAN,NAN,NAN,NAN,NAN,NAN,NAN,NAN
DORINDA,DOROTHEA,DORA,NAN,NAN,NAN,NAN,NAN,NAN,NAN,NAN,NAN,NAN,NAN,NAN,NAN
DORIS,DORA,NAN,NAN,NAN,NAN,NAN,NAN,NAN,NAN,NAN,NAN,NAN,NAN,NAN,NAN
DOROTHEA,DODA,DORA,NAN,NAN,NAN,NAN,NAN,NAN,NAN,NAN,NAN,NAN,NAN,NAN,NAN
DOROTHY,DORTHA,DOLLY,DOT,DOTTY,NAN,NAN,NAN,NAN,NAN,NAN,NAN,NAN,NAN,NAN,NAN
DOT,DOTTY,NAN,NAN,NAN,NAN,NAN,NAN,NAN,NAN,NAN,NAN,NAN,NAN,NAN,NAN
DOTHA,DOTTY,NAN,NAN,NAN,NAN,NAN,NAN,NAN,NAN,NAN,NAN,NAN,NAN,NAN,NAN
DOUGLAS,DOUG,NAN,NAN,NAN,NAN,NAN,NAN,NAN,NAN,NAN,NAN,NAN,NAN,NAN,NAN
DREW,ANDREW,NAN,NAN,NAN,NAN,NAN,NAN,NAN,NAN,NAN,NAN,NAN,NAN,NAN,NAN
DRUSILLA,SILLA,NAN,NAN,NAN,NAN,NAN,NAN,NAN,NAN,NAN,NAN,NAN,NAN,NAN,NAN
DUNCAN,DUNK,NAN,NAN,NAN,NAN,NAN,NAN,NAN,NAN,NAN,NAN,NAN,NAN,NAN,NAN
EARNEST,ERNESTINE,ERNIE,NAN,NAN,NAN,NAN,NAN,NAN,NAN,NAN,NAN,NAN,NAN,NAN,NAN
EB,EBBIE,NAN,NAN,NAN,NAN,NAN,NAN,NAN,NAN,NAN,NAN,NAN,NAN,NAN,NAN
EBENEZER,EBBIE,EBEN,EB,NAN,NAN,NAN,NAN,NAN,NAN,NAN,NAN,NAN,NAN,NAN,NAN
ED,EDDIE,EDDY,NAN,NAN,NAN,NAN,NAN,NAN,NAN,NAN,NAN,NAN,NAN,NAN,NAN
EDDIE,EDDY,NAN,NAN,NAN,NAN,NAN,NAN,NAN,NAN,NAN,NAN,NAN,NAN,NAN,NAN
EDGAR,ED,EDDIE,EDDY,NAN,NAN,NAN,NAN,NAN,NAN,NAN,NAN,NAN,NAN,NAN,NAN
EDITH,EDIE,EDYE,NAN,NAN,NAN,NAN,NAN,NAN,NAN,NAN,NAN,NAN,NAN,NAN,NAN
EDMOND,ED,EDDIE,EDDY,NAN,NAN,NAN,NAN,NAN,NAN,NAN,NAN,NAN,NAN,NAN,NAN
EDMUND,ED,EDDIE,TED,EDDY,NED,NAN,NAN,NAN,NAN,NAN,NAN,NAN,NAN,NAN,NAN
EDNA,EDNY,NAN,NAN,NAN,NAN,NAN,NAN,NAN,NAN,NAN,NAN,NAN,NAN,NAN,NAN
EDUARDO,ED,EDDIE,EDDY,NAN,NAN,NAN,NAN,NAN,NAN,NAN,NAN,NAN,NAN,NAN,NAN
EDWARD,TEDDY,ED,NED,TED,EDDY,EDDIE,NAN,NAN,NAN,NAN,NAN,NAN,NAN,NAN,NAN
EDWIN,ED,EDDIE,WIN,EDDY,NED,NAN,NAN,NAN,NAN,NAN,NAN,NAN,NAN,NAN,NAN
EDWINA,EDWIN,NAN,NAN,NAN,NAN,NAN,NAN,NAN,NAN,NAN,NAN,NAN,NAN,NAN,NAN
EDYTH,EDIE,EDYE,NAN,NAN,NAN,NAN,NAN,NAN,NAN,NAN,NAN,NAN,NAN,NAN,NAN
EDYTHE,EDIE,EDYE,NAN,NAN,NAN,NAN,NAN,NAN,NAN,NAN,NAN,NAN,NAN,NAN,NAN
EGBERT,BERT,BURT,NAN,NAN,NAN,NAN,NAN,NAN,NAN,NAN,NAN,NAN,NAN,NAN,NAN
EIGHTA,ATHY,NAN,NAN,NAN,NAN,NAN,NAN,NAN,NAN,NAN,NAN,NAN,NAN,NAN,NAN
EILEEN,HELEN,NAN,NAN,NAN,NAN,NAN,NAN,NAN,NAN,NAN,NAN,NAN,NAN,NAN,NAN
ELAINE,LAINIE,HELEN,NAN,NAN,NAN,NAN,NAN,NAN,NAN,NAN,NAN,NAN,NAN,NAN,NAN
ELBERT,ALBERT,NAN,NAN,NAN,NAN,NAN,NAN,NAN,NAN,NAN,NAN,NAN,NAN,NAN,NAN
ELBERTSON,ELBERT,BERT,NAN,NAN,NAN,NAN,NAN,NAN,NAN,NAN,NAN,NAN,NAN,NAN,NAN
ELEANOR,LANNA,NORA,NELLY,ELLIE,ELAINE,ELLEN,LENORA,NAN,NAN,NAN,NAN,NAN,NAN,NAN,NAN
ELEAZER,LAZAR,NAN,NAN,NAN,NAN,NAN,NAN,NAN,NAN,NAN,NAN,NAN,NAN,NAN,NAN
ELENA,HELEN,NAN,NAN,NAN,NAN,NAN,NAN,NAN,NAN,NAN,NAN,NAN,NAN,NAN,NAN
ELIAS,ELI,LEE,LIAS,NAN,NAN,NAN,NAN,NAN,NAN,NAN,NAN,NAN,NAN,NAN,NAN
ELIJAH,LIGE,ELI,NAN,NAN,NAN,NAN,NAN,NAN,NAN,NAN,NAN,NAN,NAN,NAN,NAN
ELIPHALEL,LIFE,NAN,NAN,NAN,NAN,NAN,NAN,NAN,NAN,NAN,NAN,NAN,NAN,NAN,NAN
ELIPHALET,LEFT,NAN,NAN,NAN,NAN,NAN,NAN,NAN,NAN,NAN,NAN,NAN,NAN,NAN,NAN
ELISA,LISA,NAN,NAN,NAN,NAN,NAN,NAN,NAN,NAN,NAN,NAN,NAN,NAN,NAN,NAN
ELISHA,LISH,ELI,NAN,NAN,NAN,NAN,NAN,NAN,NAN,NAN,NAN,NAN,NAN,NAN,NAN
ELIZA,ELIZABETH,NAN,NAN,NAN,NAN,NAN,NAN,NAN,NAN,NAN,NAN,NAN,NAN,NAN,NAN
ELIZABETH,LIBBY,LISA,LIB,LIZZIE,ELIZA,BETSY,LIZA,BETTY,BESSIE,BESS,BETH,LIZ,NAN,NAN,NAN
ELLA,ELLEN,NAN,NAN,NAN,NAN,NAN,NAN,NAN,NAN,NAN,NAN,NAN,NAN,NAN,NAN
ELLEN,NELLIE,NELL,HELEN,NAN,NAN,NAN,NAN,NAN,NAN,NAN,NAN,NAN,NAN,NAN,NAN
ELLENDER,NELLIE,ELLEN,HELEN,NAN,NAN,NAN,NAN,NAN,NAN,NAN,NAN,NAN,NAN,NAN,NAN
ELLIE,ELLY,NAN,NAN,NAN,NAN,NAN,NAN,NAN,NAN,NAN,NAN,NAN,NAN,NAN,NAN
ELLSWOOD,ELSEY,NAN,NAN,NAN,NAN,NAN,NAN,NAN,NAN,NAN,NAN,NAN,NAN,NAN,NAN
ELMINIE,MINNIE,NAN,NAN,NAN,NAN,NAN,NAN,NAN,NAN,NAN,NAN,NAN,NAN,NAN,NAN
ELMIRA,ELLIE,ELLY,MIRA,NAN,NAN,NAN,NAN,NAN,NAN,NAN,NAN,NAN,NAN,NAN,NAN
ELNORA,NORA,NAN,NAN,NAN,NAN,NAN,NAN,NAN,NAN,NAN,NAN,NAN,NAN,NAN,NAN
ELOISE,HELOISE,LOUISE,NAN,NAN,NAN,NAN,NAN,NAN,NAN,NAN,NAN,NAN,NAN,NAN,NAN
ELOUISE,LOUISE,NAN,NAN,NAN,NAN,NAN,NAN,NAN,NAN,NAN,NAN,NAN,NAN,NAN,NAN
ELSIE,ELSEY,NAN,NAN,NAN,NAN,NAN,NAN,NAN,NAN,NAN,NAN,NAN,NAN,NAN,NAN
ELSWOOD,ELSEY,NAN,NAN,NAN,NAN,NAN,NAN,NAN,NAN,NAN,NAN,NAN,NAN,NAN,NAN
ELVIRA,ELVIE,NAN,NAN,NAN,NAN,NAN,NAN,NAN,NAN,NAN,NAN,NAN,NAN,NAN,NAN
ELWOOD,WOODY,NAN,NAN,NAN,NAN,NAN,NAN,NAN,NAN,NAN,NAN,NAN,NAN,NAN,NAN
ELYSIA,LISA,NAN,NAN,NAN,NAN,NAN,NAN,NAN,NAN,NAN,NAN,NAN,NAN,NAN,NAN
ELZE,ELSEY,NAN,NAN,NAN,NAN,NAN,NAN,NAN,NAN,NAN,NAN,NAN,NAN,NAN,NAN
EMANUEL,MANUEL,MANNY,NAN,NAN,NAN,NAN,NAN,NAN,NAN,NAN,NAN,NAN,NAN,NAN,NAN
EMELINE,EM,EMMY,EMMA,MILLY,EMILY,NAN,NAN,NAN,NAN,NAN,NAN,NAN,NAN,NAN,NAN
EMIL,EMILY,NAN,NAN,NAN,NAN,NAN,NAN,NAN,NAN,NAN,NAN,NAN,NAN,NAN,NAN
EMILY,EMMY,MILLIE,EMMA,MEL,NAN,NAN,NAN,NAN,NAN,NAN,NAN,NAN,NAN,NAN,NAN
EMMA,EMMY,NAN,NAN,NAN,NAN,NAN,NAN,NAN,NAN,NAN,NAN,NAN,NAN,NAN,NAN
EPAPHRODITIUS,DITE,DITUS,EPPA,DYCHE,DYCE,NAN,NAN,NAN,NAN,NAN,NAN,NAN,NAN,NAN,NAN
EPHRAIM,EPH,NAN,NAN,NAN,NAN,NAN,NAN,NAN,NAN,NAN,NAN,NAN,NAN,NAN,NAN
ERASMUS,RAZE,RASMUS,NAN,NAN,NAN,NAN,NAN,NAN,NAN,NAN,NAN,NAN,NAN,NAN,NAN
ERIC,RICK,RICKY,NAN,NAN,NAN,NAN,NAN,NAN,NAN,NAN,NAN,NAN,NAN,NAN,NAN
ERNEST,ERNIE,NAN,NAN,NAN,NAN,NAN,NAN,NAN,NAN,NAN,NAN,NAN,NAN,NAN,NAN
ERNESTINE,TEENY,ERNEST,TINA,ERNA,NAN,NAN,NAN,NAN,NAN,NAN,NAN,NAN,NAN,NAN,NAN
ERWIN,IRWIN,NAN,NAN,NAN,NAN,NAN,NAN,NAN,NAN,NAN,NAN,NAN,NAN,NAN,NAN
ESENETH,SENIE,NAN,NAN,NAN,NAN,NAN,NAN,NAN,NAN,NAN,NAN,NAN,NAN,NAN,NAN
ESSY,ES,NAN,NAN,NAN,NAN,NAN,NAN,NAN,NAN,NAN,NAN,NAN,NAN,NAN,NAN
ESTELLA,ESSY,STELLA,NAN,NAN,NAN,NAN,NAN,NAN,NAN,NAN,NAN,NAN,NAN,NAN,NAN
ESTELLE,ESSY,STELLA,NAN,NAN,NAN,NAN,NAN,NAN,NAN,NAN,NAN,NAN,NAN,NAN,NAN
ESTHER,HESTER,ESSIE,NAN,NAN,NAN,NAN,NAN,NAN,NAN,NAN,NAN,NAN,NAN,NAN,NAN
EUDICY,DICEY,NAN,NAN,NAN,NAN,NAN,NAN,NAN,NAN,NAN,NAN,NAN,NAN,NAN,NAN
EUDORA,DORA,NAN,NAN,NAN,NAN,NAN,NAN,NAN,NAN,NAN,NAN,NAN,NAN,NAN,NAN
EUDORIS,DOSSIE,DOSIE,NAN,NAN,NAN,NAN,NAN,NAN,NAN,NAN,NAN,NAN,NAN,NAN,NAN
EUGENE,GENE,NAN,NAN,NAN,NAN,NAN,NAN,NAN,NAN,NAN,NAN,NAN,NAN,NAN,NAN
EUNICE,NICIE,NAN,NAN,NAN,NAN,NAN,NAN,NAN,NAN,NAN,NAN,NAN,NAN,NAN,NAN
EUPHEMIA,EFFIE,EFFY,NAN,NAN,NAN,NAN,NAN,NAN,NAN,NAN,NAN,NAN,NAN,NAN,NAN
EURYDICE,DICEY,NAN,NAN,NAN,NAN,NAN,NAN,NAN,NAN,NAN,NAN,NAN,NAN,NAN,NAN
EUSTACIA,STACIA,STACY,NAN,NAN,NAN,NAN,NAN,NAN,NAN,NAN,NAN,NAN,NAN,NAN,NAN
EVA,EVE,NAN,NAN,NAN,NAN,NAN,NAN,NAN,NAN,NAN,NAN,NAN,NAN,NAN,NAN
EVALINE,EVA,LENA,EVE,NAN,NAN,NAN,NAN,NAN,NAN,NAN,NAN,NAN,NAN,NAN,NAN
EVANGELINE,EV,EVAN,VANGIE,NAN,NAN,NAN,NAN,NAN,NAN,NAN,NAN,NAN,NAN,NAN,NAN
EVELYN,EVELINA,EV,EVE,NAN,NAN,NAN,NAN,NAN,NAN,NAN,NAN,NAN,NAN,NAN,NAN
EXPERIENCE,EXIE,NAN,NAN,NAN,NAN,NAN,NAN,NAN,NAN,NAN,NAN,NAN,NAN,NAN,NAN
EZEKIEL,ZEKE,EZ,NAN,NAN,NAN,NAN,NAN,NAN,NAN,NAN,NAN,NAN,NAN,NAN,NAN
EZIDEEN,EZ,NAN,NAN,NAN,NAN,NAN,NAN,NAN,NAN,NAN,NAN,NAN,NAN,NAN,NAN
EZRA,EZ,NAN,NAN,NAN,NAN,NAN,NAN,NAN,NAN,NAN,NAN,NAN,NAN,NAN,NAN
FAITH,FAY,NAN,NAN,NAN,NAN,NAN,NAN,NAN,NAN,NAN,NAN,NAN,NAN,NAN,NAN
FELICIA,FEL,FELIX,FELI,NAN,NAN,NAN,NAN,NAN,NAN,NAN,NAN,NAN,NAN,NAN,NAN
FELICITY,FLICK,TICK,NAN,NAN,NAN,NAN,NAN,NAN,NAN,NAN,NAN,NAN,NAN,NAN,NAN
FELTIE,FELTY,NAN,NAN,NAN,NAN,NAN,NAN,NAN,NAN,NAN,NAN,NAN,NAN,NAN,NAN
FERDINAND,FREDDIE,FREDDY,FERDIE,FRED,NAN,NAN,NAN,NAN,NAN,NAN,NAN,NAN,NAN,NAN,NAN
FERDINANDO,NANDO,FERDIE,FRED,NAN,NAN,NAN,NAN,NAN,NAN,NAN,NAN,NAN,NAN,NAN,NAN
FIDELIA,DELIA,NAN,NAN,NAN,NAN,NAN,NAN,NAN,NAN,NAN,NAN,NAN,NAN,NAN,NAN
FLO,FLORENCE,NAN,NAN,NAN,NAN,NAN,NAN,NAN,NAN,NAN,NAN,NAN,NAN,NAN,NAN
FLORA,FLORENCE,NAN,NAN,NAN,NAN,NAN,NAN,NAN,NAN,NAN,NAN,NAN,NAN,NAN,NAN
FLORENCE,FLOSSY,FLORA,FLO,NAN,NAN,NAN,NAN,NAN,NAN,NAN,NAN,NAN,NAN,NAN,NAN
FLOYD,LLOYD,NAN,NAN,NAN,NAN,NAN,NAN,NAN,NAN,NAN,NAN,NAN,NAN,NAN,NAN
FRAN,FRANNIE,NAN,NAN,NAN,NAN,NAN,NAN,NAN,NAN,NAN,NAN,NAN,NAN,NAN,NAN
FRANCES,SIS,CISSY,FRANKIE,FRANNIEY,FRAN,FRANCIE,FRANNIE,FANNY,NAN,NAN,NAN,NAN,NAN,NAN,NAN
FRANCIE,FRANCINE,NAN,NAN,NAN,NAN,NAN,NAN,NAN,NAN,NAN,NAN,NAN,NAN,NAN,NAN
FRANCINE,FRANNIEY,FRAN,FRANNIE,FRANCIE,NAN,NAN,NAN,NAN,NAN,NAN,NAN,NAN,NAN,NAN,NAN
FRANCIS,FRAN,FRANKIE,FRANK,NAN,NAN,NAN,NAN,NAN,NAN,NAN,NAN,NAN,NAN,NAN,NAN
FRANK,FRANKLIN,NAN,NAN,NAN,NAN,NAN,NAN,NAN,NAN,NAN,NAN,NAN,NAN,NAN,NAN
FRANKIE,FRANK,FRANCIS,NAN,NAN,NAN,NAN,NAN,NAN,NAN,NAN,NAN,NAN,NAN,NAN,NAN
FRANKLIN,FRAN,FRANK,NAN,NAN,NAN,NAN,NAN,NAN,NAN,NAN,NAN,NAN,NAN,NAN,NAN
FRANKLIND,FRANK,NAN,NAN,NAN,NAN,NAN,NAN,NAN,NAN,NAN,NAN,NAN,NAN,NAN,NAN
FRED,FREDDY,FREDERICK,NAN,NAN,NAN,NAN,NAN,NAN,NAN,NAN,NAN,NAN,NAN,NAN,NAN
FREDA,FRIEDA,NAN,NAN,NAN,NAN,NAN,NAN,NAN,NAN,NAN,NAN,NAN,NAN,NAN,NAN
FREDERICA,FREDERICK,NAN,NAN,NAN,NAN,NAN,NAN,NAN,NAN,NAN,NAN,NAN,NAN,NAN,NAN
FREDERICK,FREDDIE,FREDDY,FRITZ,FRED,NAN,NAN,NAN,NAN,NAN,NAN,NAN,NAN,NAN,NAN,NAN
FREDERICKA,FREDDY,RICKA,FREDA,FRIEDA,NAN,NAN,NAN,NAN,NAN,NAN,NAN,NAN,NAN,NAN,NAN
FRIEDA,FREDDIE,FREDDY,FRED,NAN,NAN,NAN,NAN,NAN,NAN,NAN,NAN,NAN,NAN,NAN,NAN
GABBY,GABRIELLA,GABE,GABRIELLE,NAN,NAN,NAN,NAN,NAN,NAN,NAN,NAN,NAN,NAN,NAN,NAN
GABE,GABRIEL,NAN,NAN,NAN,NAN,NAN,NAN,NAN,NAN,NAN,NAN,NAN,NAN,NAN,NAN
GABRIEL,GABE,GABBY,NAN,NAN,NAN,NAN,NAN,NAN,NAN,NAN,NAN,NAN,NAN,NAN,NAN
GABRIELLA,ELLA,GABBY,NAN,NAN,NAN,NAN,NAN,NAN,NAN,NAN,NAN,NAN,NAN,NAN,NAN
GABRIELLE,ELLA,GABBY,NAN,NAN,NAN,NAN,NAN,NAN,NAN,NAN,NAN,NAN,NAN,NAN,NAN
GENEVIEVE,JEAN,EVE,JENNY,NAN,NAN,NAN,NAN,NAN,NAN,NAN,NAN,NAN,NAN,NAN,NAN
GEOFF,GEOFFREY,JEFFREY,JEFF,NAN,NAN,NAN,NAN,NAN,NAN,NAN,NAN,NAN,NAN,NAN,NAN
GEOFFREY,GEOFF,JEFF,NAN,NAN,NAN,NAN,NAN,NAN,NAN,NAN,NAN,NAN,NAN,NAN,NAN
GEORGE,JORGE,GEORGIANA,NAN,NAN,NAN,NAN,NAN,NAN,NAN,NAN,NAN,NAN,NAN,NAN,NAN
GEORGIA,GEORGE,GEORGIANA,NAN,NAN,NAN,NAN,NAN,NAN,NAN,NAN,NAN,NAN,NAN,NAN,NAN
GERALD,GERRY,JERRY,NAN,NAN,NAN,NAN,NAN,NAN,NAN,NAN,NAN,NAN,NAN,NAN,NAN
GERALDINE,GERRY,GERRIE,JERRY,DINA,NAN,NAN,NAN,NAN,NAN,NAN,NAN,NAN,NAN,NAN,NAN
GERHARDT,GAY,NAN,NAN,NAN,NAN,NAN,NAN,NAN,NAN,NAN,NAN,NAN,NAN,NAN,NAN
GERRIE,GERALDINE,NAN,NAN,NAN,NAN,NAN,NAN,NAN,NAN,NAN,NAN,NAN,NAN,NAN,NAN
GERRY,GERALD,GERALDINE,JERRY,NAN,NAN,NAN,NAN,NAN,NAN,NAN,NAN,NAN,NAN,NAN,NAN
GERT,GERTIE,NAN,NAN,NAN,NAN,NAN,NAN,NAN,NAN,NAN,NAN,NAN,NAN,NAN,NAN
GERTIE,GERTRUDE,NAN,NAN,NAN,NAN,NAN,NAN,NAN,NAN,NAN,NAN,NAN,NAN,NAN,NAN
GERTRUDE,GERTIE,GERT,TRUDY,NAN,NAN,NAN,NAN,NAN,NAN,NAN,NAN,NAN,NAN,NAN,NAN
GIL,GILBERT,NAN,NAN,NAN,NAN,NAN,NAN,NAN,NAN,NAN,NAN,NAN,NAN,NAN,NAN
GILBERT,BERT,GIL,WILBER,NAN,NAN,NAN,NAN,NAN,NAN,NAN,NAN,NAN,NAN,NAN,NAN
GLORIA,GLORY,NAN,NAN,NAN,NAN,NAN,NAN,NAN,NAN,NAN,NAN,NAN,NAN,NAN,NAN
GOVERNOR,GOVIE,NAN,NAN,NAN,NAN,NAN,NAN,NAN,NAN,NAN,NAN,NAN,NAN,NAN,NAN
GREENBERRY,GREEN,BERRY,NAN,NAN,NAN,NAN,NAN,NAN,NAN,NAN,NAN,NAN,NAN,NAN,NAN
GREGORY,GREG,NAN,NAN,NAN,NAN,NAN,NAN,NAN,NAN,NAN,NAN,NAN,NAN,NAN,NAN
GRETCHEN,MARGARET,NAN,NAN,NAN,NAN,NAN,NAN,NAN,NAN,NAN,NAN,NAN,NAN,NAN,NAN
GRISELDA,GRISSEL,NAN,NAN,NAN,NAN,NAN,NAN,NAN,NAN,NAN,NAN,NAN,NAN,NAN,NAN
GUM,MONTY,NAN,NAN,NAN,NAN,NAN,NAN,NAN,NAN,NAN,NAN,NAN,NAN,NAN,NAN
GUS,GUSSIE,NAN,NAN,NAN,NAN,NAN,NAN,NAN,NAN,NAN,NAN,NAN,NAN,NAN,NAN
GUSTAVUS,GUS,NAN,NAN,NAN,NAN,NAN,NAN,NAN,NAN,NAN,NAN,NAN,NAN,NAN,NAN
GWEN,GWENDOLYN,WENDY,NAN,NAN,NAN,NAN,NAN,NAN,NAN,NAN,NAN,NAN,NAN,NAN,NAN
GWENDOLYN,GWEN,WENDY,NAN,NAN,NAN,NAN,NAN,NAN,NAN,NAN,NAN,NAN,NAN,NAN,NAN
HAMILTON,HAM,NAN,NAN,NAN,NAN,NAN,NAN,NAN,NAN,NAN,NAN,NAN,NAN,NAN,NAN
HANNAH,NAN,NANNY,ANNA,NAN,NAN,NAN,NAN,NAN,NAN,NAN,NAN,NAN,NAN,NAN,NAN
HAROLD,HAL,HARRY,NAN,NAN,NAN,NAN,NAN,NAN,NAN,NAN,NAN,NAN,NAN,NAN,NAN
HARRIET,HATTIE,NAN,NAN,NAN,NAN,NAN,NAN,NAN,NAN,NAN,NAN,NAN,NAN,NAN,NAN
HARRY,HAROLD,HENRY,NAN,NAN,NAN,NAN,NAN,NAN,NAN,NAN,NAN,NAN,NAN,NAN,NAN
HASELTINE,HASSIE,NAN,NAN,NAN,NAN,NAN,NAN,NAN,NAN,NAN,NAN,NAN,NAN,NAN,NAN
HEATHER,HETTY,NAN,NAN,NAN,NAN,NAN,NAN,NAN,NAN,NAN,NAN,NAN,NAN,NAN,NAN
HELEN,LENA,ELLA,ELLEN,ELLIE,NAN,NAN,NAN,NAN,NAN,NAN,NAN,NAN,NAN,NAN,NAN
HELENA,EILEEN,LENA,NELL,NELLIE,ELEANOR,ELAINE,ELLEN,AILEEN,NAN,NAN,NAN,NAN,NAN,NAN,NAN
HELENE,LENA,ELLA,ELLEN,ELLIE,NAN,NAN,NAN,NAN,NAN,NAN,NAN,NAN,NAN,NAN,NAN
HELOISE,LOIS,ELOISE,ELOUISE,NAN,NAN,NAN,NAN,NAN,NAN,NAN,NAN,NAN,NAN,NAN,NAN
HENRIETTA,HANK,ETTA,ETTY,RETTA,NETTIE,NAN,NAN,NAN,NAN,NAN,NAN,NAN,NAN,NAN,NAN
HENRY,HANK,HAL,HARRY,NAN,NAN,NAN,NAN,NAN,NAN,NAN,NAN,NAN,NAN,NAN,NAN
HEPHSIBAH,HIPSIE,NAN,NAN,NAN,NAN,NAN,NAN,NAN,NAN,NAN,NAN,NAN,NAN,NAN,NAN
HEPSIBAH,HIPSIE,NAN,NAN,NAN,NAN,NAN,NAN,NAN,NAN,NAN,NAN,NAN,NAN,NAN,NAN
HERB,HERBERT,NAN,NAN,NAN,NAN,NAN,NAN,NAN,NAN,NAN,NAN,NAN,NAN,NAN,NAN
HERBERT,BERT,HERB,NAN,NAN,NAN,NAN,NAN,NAN,NAN,NAN,NAN,NAN,NAN,NAN,NAN
HERMAN,HARMAN,DUTCH,NAN,NAN,NAN,NAN,NAN,NAN,NAN,NAN,NAN,NAN,NAN,NAN,NAN
HERMIONE,HERMIE,NAN,NAN,NAN,NAN,NAN,NAN,NAN,NAN,NAN,NAN,NAN,NAN,NAN,NAN
HESTER,HESSY,ESTHER,HETTY,NAN,NAN,NAN,NAN,NAN,NAN,NAN,NAN,NAN,NAN,NAN,NAN
HEZEKIAH,HY,HEZ,KIAH,NAN,NAN,NAN,NAN,NAN,NAN,NAN,NAN,NAN,NAN,NAN,NAN
HIRAM,HY,NAN,NAN,NAN,NAN,NAN,NAN,NAN,NAN,NAN,NAN,NAN,NAN,NAN,NAN
HONORA,HONEY,NORA,NORRY,NORAH,NAN,NAN,NAN,NAN,NAN,NAN,NAN,NAN,NAN,NAN,NAN
HOPKINS,HOPP,HOP,NAN,NAN,NAN,NAN,NAN,NAN,NAN,NAN,NAN,NAN,NAN,NAN,NAN
HORACE,HORRY,NAN,NAN,NAN,NAN,NAN,NAN,NAN,NAN,NAN,NAN,NAN,NAN,NAN,NAN
HORTENSE,HARTY,TENSEY,NAN,NAN,NAN,NAN,NAN,NAN,NAN,NAN,NAN,NAN,NAN,NAN,NAN
HOSEA,HOSEY,HOSIE,NAN,NAN,NAN,NAN,NAN,NAN,NAN,NAN,NAN,NAN,NAN,NAN,NAN
HOWARD,HAL,HOWIE,NAN,NAN,NAN,NAN,NAN,NAN,NAN,NAN,NAN,NAN,NAN,NAN,NAN
HUBERT,BERT,HUGH,HUB,NAN,NAN,NAN,NAN,NAN,NAN,NAN,NAN,NAN,NAN,NAN,NAN
IAN,JOHN,NAN,NAN,NAN,NAN,NAN,NAN,NAN,NAN,NAN,NAN,NAN,NAN,NAN,NAN
IGNATIUS,NATIUS,IGGY,NATE,NACE,NAN,NAN,NAN,NAN,NAN,NAN,NAN,NAN,NAN,NAN,NAN
IGNATZIO,NAZ,IGGY,NACE,NAN,NAN,NAN,NAN,NAN,NAN,NAN,NAN,NAN,NAN,NAN,NAN
IMMANUEL,MANUEL,EMMANUEL,NAN,NAN,NAN,NAN,NAN,NAN,NAN,NAN,NAN,NAN,NAN,NAN,NAN
INDIA,INDIE,INDY,NAN,NAN,NAN,NAN,NAN,NAN,NAN,NAN,NAN,NAN,NAN,NAN,NAN
INEZ,AGNES,NAN,NAN,NAN,NAN,NAN,NAN,NAN,NAN,NAN,NAN,NAN,NAN,NAN,NAN
IONA,ONNIE,NAN,NAN,NAN,NAN,NAN,NAN,NAN,NAN,NAN,NAN,NAN,NAN,NAN,NAN
IRENE,RENA,NAN,NAN,NAN,NAN,NAN,NAN,NAN,NAN,NAN,NAN,NAN,NAN,NAN,NAN
IRVIN,IRVING,NAN,NAN,NAN,NAN,NAN,NAN,NAN,NAN,NAN,NAN,NAN,NAN,NAN,NAN
IRVING,IRV,NAN,NAN,NAN,NAN,NAN,NAN,NAN,NAN,NAN,NAN,NAN,NAN,NAN,NAN
IRWIN,ERWIN,NAN,NAN,NAN,NAN,NAN,NAN,NAN,NAN,NAN,NAN,NAN,NAN,NAN,NAN
ISAAC,IKE,ZEKE,NAN,NAN,NAN,NAN,NAN,NAN,NAN,NAN,NAN,NAN,NAN,NAN,NAN
ISABEL,TIBBIE,BELL,NIB,BELLE,BELLA,NIBBY,IB,ISSY,NAN,NAN,NAN,NAN,NAN,NAN,NAN
ISABELLA,TIBBIE,NIB,BELLE,BELLA,NIBBY,IB,ISSY,NAN,NAN,NAN,NAN,NAN,NAN,NAN,NAN
ISABELLE,TIBBIE,NIB,BELLE,BELLA,NIBBY,IB,ISSY,NAN,NAN,NAN,NAN,NAN,NAN,NAN,NAN
ISADORA,ISSY,DORA,NAN,NAN,NAN,NAN,NAN,NAN,NAN,NAN,NAN,NAN,NAN,NAN,NAN
ISAIAH,ZADIE,ZAY,NAN,NAN,NAN,NAN,NAN,NAN,NAN,NAN,NAN,NAN,NAN,NAN,NAN
ISIDORE,IZZY,NAN,NAN,NAN,NAN,NAN,NAN,NAN,NAN,NAN,NAN,NAN,NAN,NAN,NAN
IVA,IVY,NAN,NAN,NAN,NAN,NAN,NAN,NAN,NAN,NAN,NAN,NAN,NAN,NAN,NAN
IVAN,JOHN,NAN,NAN,NAN,NAN,NAN,NAN,NAN,NAN,NAN,NAN,NAN,NAN,NAN,NAN
JACKSON,JACK,NAN,NAN,NAN,NAN,NAN,NAN,NAN,NAN,NAN,NAN,NAN,NAN,NAN,NAN
JACOB,JAAP,JAKE,JAY,NAN,NAN,NAN,NAN,NAN,NAN,NAN,NAN,NAN,NAN,NAN,NAN
JACOBUS,JACOB,NAN,NAN,NAN,NAN,NAN,NAN,NAN,NAN,NAN,NAN,NAN,NAN,NAN,NAN
JACQUELINE,JACKIE,JACK,NAN,NAN,NAN,NAN,NAN,NAN,NAN,NAN,NAN,NAN,NAN,NAN,NAN
JAHODA,HODY,HODIE,HODA,NAN,NAN,NAN,NAN,NAN,NAN,NAN,NAN,NAN,NAN,NAN,NAN
JAMES,JIMMY,JIM,JAMIE,JIMMIE,JEM,NAN,NAN,NAN,NAN,NAN,NAN,NAN,NAN,NAN,NAN
JAMIE,JAMES,BEN,NAN,NAN,NAN,NAN,NAN,NAN,NAN,NAN,NAN,NAN,NAN,NAN,NAN
JANE,JANIE,JESSIE,JEAN,JENNIE,NAN,NAN,NAN,NAN,NAN,NAN,NAN,NAN,NAN,NAN,NAN
JANET,JAN,JESSIE,NAN,NAN,NAN,NAN,NAN,NAN,NAN,NAN,NAN,NAN,NAN,NAN,NAN
JANICE,JAN,NAN,NAN,NAN,NAN,NAN,NAN,NAN,NAN,NAN,NAN,NAN,NAN,NAN,NAN
JANNETT,NETTIE,NAN,NAN,NAN,NAN,NAN,NAN,NAN,NAN,NAN,NAN,NAN,NAN,NAN,NAN
JASPER,JAP,CASPER,NAN,NAN,NAN,NAN,NAN,NAN,NAN,NAN,NAN,NAN,NAN,NAN,NAN
JAYME,JAY,NAN,NAN,NAN,NAN,NAN,NAN,NAN,NAN,NAN,NAN,NAN,NAN,NAN,NAN
JEAN,JANE,JEANNIE,NAN,NAN,NAN,NAN,NAN,NAN,NAN,NAN,NAN,NAN,NAN,NAN,NAN
JEANETTE,JESSIE,JEAN,JANET,NETTIE,NAN,NAN,NAN,NAN,NAN,NAN,NAN,NAN,NAN,NAN,NAN
JEANNE,JANE,JEANNIE,NAN,NAN,NAN,NAN,NAN,NAN,NAN,NAN,NAN,NAN,NAN,NAN,NAN
JEB,JEBADIAH,NAN,NAN,NAN,NAN,NAN,NAN,NAN,NAN,NAN,NAN,NAN,NAN,NAN,NAN
JEDEDIAH,DYER,JED,DIAH,NAN,NAN,NAN,NAN,NAN,NAN,NAN,NAN,NAN,NAN,NAN,NAN
JEDIDIAH,JED,NAN,NAN,NAN,NAN,NAN,NAN,NAN,NAN,NAN,NAN,NAN,NAN,NAN,NAN
JEFF,GEOFFREY,JEFFREY,NAN,NAN,NAN,NAN,NAN,NAN,NAN,NAN,NAN,NAN,NAN,NAN,NAN
JEFFEREY,JEFF,NAN,NAN,NAN,NAN,NAN,NAN,NAN,NAN,NAN,NAN,NAN,NAN,NAN,NAN
JEFFERSON,SONNY,JEFF,NAN,NAN,NAN,NAN,NAN,NAN,NAN,NAN,NAN,NAN,NAN,NAN,NAN
JEFFREY,GEOFF,JEFF,NAN,NAN,NAN,NAN,NAN,NAN,NAN,NAN,NAN,NAN,NAN,NAN,NAN
JEHIEL,HIEL,NAN,NAN,NAN,NAN,NAN,NAN,NAN,NAN,NAN,NAN,NAN,NAN,NAN,NAN
JEHU,HUGH,GEE,NAN,NAN,NAN,NAN,NAN,NAN,NAN,NAN,NAN,NAN,NAN,NAN,NAN
JEMIMA,MIMA,NAN,NAN,NAN,NAN,NAN,NAN,NAN,NAN,NAN,NAN,NAN,NAN,NAN,NAN
JENNET,JESSIE,JENNY,NAN,NAN,NAN,NAN,NAN,NAN,NAN,NAN,NAN,NAN,NAN,NAN,NAN
JENNIFER,JENNIE,NAN,NAN,NAN,NAN,NAN,NAN,NAN,NAN,NAN,NAN,NAN,NAN,NAN,NAN
JENNY,JENNIFER,NAN,NAN,NAN,NAN,NAN,NAN,NAN,NAN,NAN,NAN,NAN,NAN,NAN,NAN
JEREMIAH,JEREME,JERRY,NAN,NAN,NAN,NAN,NAN,NAN,NAN,NAN,NAN,NAN,NAN,NAN,NAN
JERITA,RITA,NAN,NAN,NAN,NAN,NAN,NAN,NAN,NAN,NAN,NAN,NAN,NAN,NAN,NAN
JERRY,JEREME,GERALDINE,NAN,NAN,NAN,NAN,NAN,NAN,NAN,NAN,NAN,NAN,NAN,NAN,NAN
JESSICA,JESSIE,NAN,NAN,NAN,NAN,NAN,NAN,NAN,NAN,NAN,NAN,NAN,NAN,NAN,NAN
JESSIE,JANE,JESS,JANET,NAN,NAN,NAN,NAN,NAN,NAN,NAN,NAN,NAN,NAN,NAN,NAN
JIM,JIMMIE,NAN,NAN,NAN,NAN,NAN,NAN,NAN,NAN,NAN,NAN,NAN,NAN,NAN,NAN
JINCY,JANE,NAN,NAN,NAN,NAN,NAN,NAN,NAN,NAN,NAN,NAN,NAN,NAN,NAN,NAN
JINSY,JANE,NAN,NAN,NAN,NAN,NAN,NAN,NAN,NAN,NAN,NAN,NAN,NAN,NAN,NAN
JOAN,JO,NONIE,NAN,NAN,NAN,NAN,NAN,NAN,NAN,NAN,NAN,NAN,NAN,NAN,NAN
JOANN,JO,NAN,NAN,NAN,NAN,NAN,NAN,NAN,NAN,NAN,NAN,NAN,NAN,NAN,NAN
JOANNA,HANNAH,JODY,JO,JOAN,NAN,NAN,NAN,NAN,NAN,NAN,NAN,NAN,NAN,NAN,NAN
JOANNE,JO,NAN,NAN,NAN,NAN,NAN,NAN,NAN,NAN,NAN,NAN,NAN,NAN,NAN,NAN
JODY,JO,NAN,NAN,NAN,NAN,NAN,NAN,NAN,NAN,NAN,NAN,NAN,NAN,NAN,NAN
JOE,JOSEPH,JOEY,NAN,NAN,NAN,NAN,NAN,NAN,NAN,NAN,NAN,NAN,NAN,NAN,NAN
JOEY,JOSEPH,NAN,NAN,NAN,NAN,NAN,NAN,NAN,NAN,NAN,NAN,NAN,NAN,NAN,NAN
JOHANNA,JO,NAN,NAN,NAN,NAN,NAN,NAN,NAN,NAN,NAN,NAN,NAN,NAN,NAN,NAN
JOHANNAH,HANNAH,JODY,JOAN,NONIE,NAN,NAN,NAN,NAN,NAN,NAN,NAN,NAN,NAN,NAN,NAN
JOHANNES,JONATHAN,JOHNJOHNNY,NAN,NAN,NAN,NAN,NAN,NAN,NAN,NAN,NAN,NAN,NAN,NAN,NAN
JOHN,JACK,JOHNNY,JOCK,NAN,NAN,NAN,NAN,NAN,NAN,NAN,NAN,NAN,NAN,NAN,NAN
JON,JOHN,NATHAN,NAN,NAN,NAN,NAN,NAN,NAN,NAN,NAN,NAN,NAN,NAN,NAN,NAN
JONATHAN,JOHN,NATHAN,NAN,NAN,NAN,NAN,NAN,NAN,NAN,NAN,NAN,NAN,NAN,NAN,NAN
JOSEPH,JODY,JOS,JOE,JOEY,NAN,NAN,NAN,NAN,NAN,NAN,NAN,NAN,NAN,NAN,NAN
JOSEPHINE,FINA,JODY,JO,JOSEY,JOEY,NAN,NAN,NAN,NAN,NAN,NAN,NAN,NAN,NAN,NAN
JOSETTA,JETTIE,NAN,NAN,NAN,NAN,NAN,NAN,NAN,NAN,NAN,NAN,NAN,NAN,NAN,NAN
JOSEY,JOSOPHINE,NAN,NAN,NAN,NAN,NAN,NAN,NAN,NAN,NAN,NAN,NAN,NAN,NAN,NAN
JOSH,JOSHUA,NAN,NAN,NAN,NAN,NAN,NAN,NAN,NAN,NAN,NAN,NAN,NAN,NAN,NAN
JOSHUA,JOS,JOSH,NAN,NAN,NAN,NAN,NAN,NAN,NAN,NAN,NAN,NAN,NAN,NAN,NAN
JOSIAH,JOS,NAN,NAN,NAN,NAN,NAN,NAN,NAN,NAN,NAN,NAN,NAN,NAN,NAN,NAN
JOYCE,JOY,NAN,NAN,NAN,NAN,NAN,NAN,NAN,NAN,NAN,NAN,NAN,NAN,NAN,NAN
JUANITA,NITA,NETTIE,NAN,NAN,NAN,NAN,NAN,NAN,NAN,NAN,NAN,NAN,NAN,NAN,NAN
JUDAH,JUDER,JUDE,NAN,NAN,NAN,NAN,NAN,NAN,NAN,NAN,NAN,NAN,NAN,NAN,NAN
JUDITH,JUDIE,JUDA,JUDY,JUDI,JUDE,NAN,NAN,NAN,NAN,NAN,NAN,NAN,NAN,NAN,NAN
JUDSON,SONNY,JUD,NAN,NAN,NAN,NAN,NAN,NAN,NAN,NAN,NAN,NAN,NAN,NAN,NAN
JUDY,JUDITH,NAN,NAN,NAN,NAN,NAN,NAN,NAN,NAN,NAN,NAN,NAN,NAN,NAN,NAN
JULIA,JULIE,JILL,NAN,NAN,NAN,NAN,NAN,NAN,NAN,NAN,NAN,NAN,NAN,NAN,NAN
JULIAN,JULE,NAN,NAN,NAN,NAN,NAN,NAN,NAN,NAN,NAN,NAN,NAN,NAN,NAN,NAN
JULIAS,JULE,NAN,NAN,NAN,NAN,NAN,NAN,NAN,NAN,NAN,NAN,NAN,NAN,NAN,NAN
JULIE,JULIA,JULE,NAN,NAN,NAN,NAN,NAN,NAN,NAN,NAN,NAN,NAN,NAN,NAN,NAN
JUNE,JUNIUS,NAN,NAN,NAN,NAN,NAN,NAN,NAN,NAN,NAN,NAN,NAN,NAN,NAN,NAN
JUNIOR,JUNIE,JUNE,JR,NAN,NAN,NAN,NAN,NAN,NAN,NAN,NAN,NAN,NAN,NAN,NAN
JUSTIN,JUSTUS,JUSTINA,NAN,NAN,NAN,NAN,NAN,NAN,NAN,NAN,NAN,NAN,NAN,NAN,NAN
KARONHAPPUCK,KARON,KAREN,CARRIE,HAPPY,NAN,NAN,NAN,NAN,NAN,NAN,NAN,NAN,NAN,NAN,NAN
KASEY,K.C.,NAN,NAN,NAN,NAN,NAN,NAN,NAN,NAN,NAN,NAN,NAN,NAN,NAN,NAN
KATARINA,CATHERINE,TINA,NAN,NAN,NAN,NAN,NAN,NAN,NAN,NAN,NAN,NAN,NAN,NAN,NAN
KATE,KAY,NAN,NAN,NAN,NAN,NAN,NAN,NAN,NAN,NAN,NAN,NAN,NAN,NAN,NAN
KATELIN,KAY,KATE,KAYE,NAN,NAN,NAN,NAN,NAN,NAN,NAN,NAN,NAN,NAN,NAN,NAN
KATELYN,KAY,KATE,KAYE,NAN,NAN,NAN,NAN,NAN,NAN,NAN,NAN,NAN,NAN,NAN,NAN
KATHERINE,KATHY,KATY,LENA,KITTIE,KAYE,KIT,TRINA,CATHY,KAY,KATE,CASSIE,NAN,NAN,NAN,NAN
KATHLEEN,KATHY,KATY,LENA,KITTIE,KIT,TRINA,CATHY,KAY,CASSIE,NAN,NAN,NAN,NAN,NAN,NAN
KATHRYN,KATHY,NAN,NAN,NAN,NAN,NAN,NAN,NAN,NAN,NAN,NAN,NAN,NAN,NAN,NAN
KATY,KATHY,NAN,NAN,NAN,NAN,NAN,NAN,NAN,NAN,NAN,NAN,NAN,NAN,NAN,NAN
KAYLA,KAY,NAN,NAN,NAN,NAN,NAN,NAN,NAN,NAN,NAN,NAN,NAN,NAN,NAN,NAN
KEN,KENNETH,NAN,NAN,NAN,NAN,NAN,NAN,NAN,NAN,NAN,NAN,NAN,NAN,NAN,NAN
KENDALL,KEN,KENNY,NAN,NAN,NAN,NAN,NAN,NAN,NAN,NAN,NAN,NAN,NAN,NAN,NAN
KENDRA,KENJ,KENJI,KAY,KENNY,NAN,NAN,NAN,NAN,NAN,NAN,NAN,NAN,NAN,NAN,NAN
KENDRICK,KEN,KENNY,NAN,NAN,NAN,NAN,NAN,NAN,NAN,NAN,NAN,NAN,NAN,NAN,NAN
KENNETH,KEN,KENNY,KENDRICK,NAN,NAN,NAN,NAN,NAN,NAN,NAN,NAN,NAN,NAN,NAN,NAN
KENNY,KEN,KENNETH,NAN,NAN,NAN,NAN,NAN,NAN,NAN,NAN,NAN,NAN,NAN,NAN,NAN
KENT,KEN,KENNY,KENDRICK,NAN,NAN,NAN,NAN,NAN,NAN,NAN,NAN,NAN,NAN,NAN,NAN
KEZIAH,KIZZA,KIZZIE,NAN,NAN,NAN,NAN,NAN,NAN,NAN,NAN,NAN,NAN,NAN,NAN,NAN
KIM,KIMBERLY,KIMBERLEY,NAN,NAN,NAN,NAN,NAN,NAN,NAN,NAN,NAN,NAN,NAN,NAN,NAN
KIMBERLEY,KIM,NAN,NAN,NAN,NAN,NAN,NAN,NAN,NAN,NAN,NAN,NAN,NAN,NAN,NAN
KIMBERLY,KIM,NAN,NAN,NAN,NAN,NAN,NAN,NAN,NAN,NAN,NAN,NAN,NAN,NAN,NAN
KINGSLEY,KING,NAN,NAN,NAN,NAN,NAN,NAN,NAN,NAN,NAN,NAN,NAN,NAN,NAN,NAN
KINGSTON,KING,NAN,NAN,NAN,NAN,NAN,NAN,NAN,NAN,NAN,NAN,NAN,NAN,NAN,NAN
KIT,KITTIE,NAN,NAN,NAN,NAN,NAN,NAN,NAN,NAN,NAN,NAN,NAN,NAN,NAN,NAN
KRIS,CHRIS,NAN,NAN,NAN,NAN,NAN,NAN,NAN,NAN,NAN,NAN,NAN,NAN,NAN,NAN
KRISTEL,KRIS,NAN,NAN,NAN,NAN,NAN,NAN,NAN,NAN,NAN,NAN,NAN,NAN,NAN,NAN
KRISTEN,CHRIS,NAN,NAN,NAN,NAN,NAN,NAN,NAN,NAN,NAN,NAN,NAN,NAN,NAN,NAN
KRISTIN,CHRIS,NAN,NAN,NAN,NAN,NAN,NAN,NAN,NAN,NAN,NAN,NAN,NAN,NAN,NAN
KRISTINE,KRIS,KRISTY,TINA,CHRISTY,CHRIS,CRISSY,NAN,NAN,NAN,NAN,NAN,NAN,NAN,NAN,NAN
KRISTOPHER,CHRIS,KRIS,NAN,NAN,NAN,NAN,NAN,NAN,NAN,NAN,NAN,NAN,NAN,NAN,NAN
KRISTY,CHRIS,NAN,NAN,NAN,NAN,NAN,NAN,NAN,NAN,NAN,NAN,NAN,NAN,NAN,NAN
LAFAYETTE,LAFFIE,FATE,NAN,NAN,NAN,NAN,NAN,NAN,NAN,NAN,NAN,NAN,NAN,NAN,NAN
LAMONT,MONTY,NAN,NAN,NAN,NAN,NAN,NAN,NAN,NAN,NAN,NAN,NAN,NAN,NAN,NAN
LAODICIA,DICY,CENIA,NAN,NAN,NAN,NAN,NAN,NAN,NAN,NAN,NAN,NAN,NAN,NAN,NAN
LARRY,LAURENCE,LAWRENCE,NAN,NAN,NAN,NAN,NAN,NAN,NAN,NAN,NAN,NAN,NAN,NAN,NAN
LAUREN,REN,LAURIE,NAN,NAN,NAN,NAN,NAN,NAN,NAN,NAN,NAN,NAN,NAN,NAN,NAN
LAURENCE,LORRY,LARRY,LON,LONNY,LORNE,NAN,NAN,NAN,NAN,NAN,NAN,NAN,NAN,NAN,NAN
LAURINDA,LAURA,LAWRENCE,NAN,NAN,NAN,NAN,NAN,NAN,NAN,NAN,NAN,NAN,NAN,NAN,NAN
LAURYN,LAURIE,NAN,NAN,NAN,NAN,NAN,NAN,NAN,NAN,NAN,NAN,NAN,NAN,NAN,NAN
LAVEDA,VEDA,NAN,NAN,NAN,NAN,NAN,NAN,NAN,NAN,NAN,NAN,NAN,NAN,NAN,NAN
LAVERNE,VERNON,VERNA,NAN,NAN,NAN,NAN,NAN,NAN,NAN,NAN,NAN,NAN,NAN,NAN,NAN
LAVINA,VINA,VINEY,INA,NAN,NAN,NAN,NAN,NAN,NAN,NAN,NAN,NAN,NAN,NAN,NAN
LAVINIA,VINA,VINEY,INA,NAN,NAN,NAN,NAN,NAN,NAN,NAN,NAN,NAN,NAN,NAN,NAN
LAVONIA,VINA,VONNIE,WYNCHA,VINEY,NAN,NAN,NAN,NAN,NAN,NAN,NAN,NAN,NAN,NAN,NAN
LAVONNE,VON,NAN,NAN,NAN,NAN,NAN,NAN,NAN,NAN,NAN,NAN,NAN,NAN,NAN,NAN
LAWRENCE,LORRY,LARRY,LON,LONNY,LORNE,NAN,NAN,NAN,NAN,NAN,NAN,NAN,NAN,NAN,NAN
LEANNE,LEA,ANNIE,NAN,NAN,NAN,NAN,NAN,NAN,NAN,NAN,NAN,NAN,NAN,NAN,NAN
LECURGUS,CURG,NAN,NAN,NAN,NAN,NAN,NAN,NAN,NAN,NAN,NAN,NAN,NAN,NAN,NAN
LEMUEL,LEM,NAN,NAN,NAN,NAN,NAN,NAN,NAN,NAN,NAN,NAN,NAN,NAN,NAN,NAN
LENA,ELLEN,NAN,NAN,NAN,NAN,NAN,NAN,NAN,NAN,NAN,NAN,NAN,NAN,NAN,NAN
LENORA,NORA,LEE,NAN,NAN,NAN,NAN,NAN,NAN,NAN,NAN,NAN,NAN,NAN,NAN,NAN
LEO,LEON,NAN,NAN,NAN,NAN,NAN,NAN,NAN,NAN,NAN,NAN,NAN,NAN,NAN,NAN
LEONARD,LINEAU,LEO,LEON,LEN,LENNY,NAN,NAN,NAN,NAN,NAN,NAN,NAN,NAN,NAN,NAN
LEONIDAS,LEE,LEON,NAN,NAN,NAN,NAN,NAN,NAN,NAN,NAN,NAN,NAN,NAN,NAN,NAN
LEONORA,NORA,NELL,NELLIE,NAN,NAN,NAN,NAN,NAN,NAN,NAN,NAN,NAN,NAN,NAN,NAN
LEONORE,NORA,HONOR,ELENOR,NAN,NAN,NAN,NAN,NAN,NAN,NAN,NAN,NAN,NAN,NAN,NAN
LEROY,ROY,LEE,L.R.,NAN,NAN,NAN,NAN,NAN,NAN,NAN,NAN,NAN,NAN,NAN,NAN
LES,LESTER,NAN,NAN,NAN,NAN,NAN,NAN,NAN,NAN,NAN,NAN,NAN,NAN,NAN,NAN
LESLIE,LES,NAN,NAN,NAN,NAN,NAN,NAN,NAN,NAN,NAN,NAN,NAN,NAN,NAN,NAN
LESTER,LES,NAN,NAN,NAN,NAN,NAN,NAN,NAN,NAN,NAN,NAN,NAN,NAN,NAN,NAN
LETITIA,TISH,TITIA,LETTICE,LETTIE,NAN,NAN,NAN,NAN,NAN,NAN,NAN,NAN,NAN,NAN,NAN
LEVI,LEE,NAN,NAN,NAN,NAN,NAN,NAN,NAN,NAN,NAN,NAN,NAN,NAN,NAN,NAN
LEVICY,VICY,NAN,NAN,NAN,NAN,NAN,NAN,NAN,NAN,NAN,NAN,NAN,NAN,NAN,NAN
LEVONE,VON,NAN,NAN,NAN,NAN,NAN,NAN,NAN,NAN,NAN,NAN,NAN,NAN,NAN,NAN
LIB,LIBBY,NAN,NAN,NAN,NAN,NAN,NAN,NAN,NAN,NAN,NAN,NAN,NAN,NAN,NAN
LIDIA,LYDDY,NAN,NAN,NAN,NAN,NAN,NAN,NAN,NAN,NAN,NAN,NAN,NAN,NAN,NAN
LIL,LILLY,LILY,NAN,NAN,NAN,NAN,NAN,NAN,NAN,NAN,NAN,NAN,NAN,NAN,NAN
LILLAH,LIL,LILLY,LILY,LOLLY,NAN,NAN,NAN,NAN,NAN,NAN,NAN,NAN,NAN,NAN,NAN
LILLIAN,LIL,LILLY,LOLLY,NAN,NAN,NAN,NAN,NAN,NAN,NAN,NAN,NAN,NAN,NAN,NAN
LILLY,LILY,NAN,NAN,NAN,NAN,NAN,NAN,NAN,NAN,NAN,NAN,NAN,NAN,NAN,NAN
LINCOLN,LINK,NAN,NAN,NAN,NAN,NAN,NAN,NAN,NAN,NAN,NAN,NAN,NAN,NAN,NAN
LINDA,LINDY,LYNN,NAN,NAN,NAN,NAN,NAN,NAN,NAN,NAN,NAN,NAN,NAN,NAN,NAN
LINDY,LYNN,NAN,NAN,NAN,NAN,NAN,NAN,NAN,NAN,NAN,NAN,NAN,NAN,NAN,NAN
LIONEL,LEON,NAN,NAN,NAN,NAN,NAN,NAN,NAN,NAN,NAN,NAN,NAN,NAN,NAN,NAN
LISA,LIZZIE,ALICE,LIZ,MELISSA,NAN,NAN,NAN,NAN,NAN,NAN,NAN,NAN,NAN,NAN,NAN
LITTLEBERRY,LITTLE,BERRY,L.B.,NAN,NAN,NAN,NAN,NAN,NAN,NAN,NAN,NAN,NAN,NAN,NAN
LIZ,ELIZABETH,NAN,NAN,NAN,NAN,NAN,NAN,NAN,NAN,NAN,NAN,NAN,NAN,NAN,NAN
LIZZIE,ELIZABETH,LIZ,NAN,NAN,NAN,NAN,NAN,NAN,NAN,NAN,NAN,NAN,NAN,NAN,NAN
LOIS,LOU,LOUISE,NAN,NAN,NAN,NAN,NAN,NAN,NAN,NAN,NAN,NAN,NAN,NAN,NAN
LON,LONZO,NAN,NAN,NAN,NAN,NAN,NAN,NAN,NAN,NAN,NAN,NAN,NAN,NAN,NAN
LORENZO,LOREN,NAN,NAN,NAN,NAN,NAN,NAN,NAN,NAN,NAN,NAN,NAN,NAN,NAN,NAN
LORETTA,ETTA,LORRIE,RETTA,NAN,NAN,NAN,NAN,NAN,NAN,NAN,NAN,NAN,NAN,NAN,NAN
LORRAINE,LORRIE,NAN,NAN,NAN,NAN,NAN,NAN,NAN,NAN,NAN,NAN,NAN,NAN,NAN,NAN
LOTTA,LOTTIE,NAN,NAN,NAN,NAN,NAN,NAN,NAN,NAN,NAN,NAN,NAN,NAN,NAN,NAN
LOU,LOUIS,LU,NAN,NAN,NAN,NAN,NAN,NAN,NAN,NAN,NAN,NAN,NAN,NAN,NAN
LOUIS,LEWIS,LOUISE,LOUIE,LOU,NAN,NAN,NAN,NAN,NAN,NAN,NAN,NAN,NAN,NAN,NAN
LOUISA,ELIZA,LOU,LOIS,NAN,NAN,NAN,NAN,NAN,NAN,NAN,NAN,NAN,NAN,NAN,NAN
LOUISE,ELIZA,LOU,LOIS,NAN,NAN,NAN,NAN,NAN,NAN,NAN,NAN,NAN,NAN,NAN,NAN
LOUVINIA,VINA,VONNIE,WYNCHA,VINEY,NAN,NAN,NAN,NAN,NAN,NAN,NAN,NAN,NAN,NAN,NAN
LUCAS,LUKE,NAN,NAN,NAN,NAN,NAN,NAN,NAN,NAN,NAN,NAN,NAN,NAN,NAN,NAN
LUCIA,LUCY,LUCIUS,NAN,NAN,NAN,NAN,NAN,NAN,NAN,NAN,NAN,NAN,NAN,NAN,NAN
LUCIAS,LUKE,NAN,NAN,NAN,NAN,NAN,NAN,NAN,NAN,NAN,NAN,NAN,NAN,NAN,NAN
LUCILLE,CILLE,LU,LUCY,LOU,NAN,NAN,NAN,NAN,NAN,NAN,NAN,NAN,NAN,NAN,NAN
LUCINA,SINAH,NAN,NAN,NAN,NAN,NAN,NAN,NAN,NAN,NAN,NAN,NAN,NAN,NAN,NAN
LUCINDA,LU,LUCY,CINDY,LOU,NAN,NAN,NAN,NAN,NAN,NAN,NAN,NAN,NAN,NAN,NAN
LUCRETIA,CREASEY,NAN,NAN,NAN,NAN,NAN,NAN,NAN,NAN,NAN,NAN,NAN,NAN,NAN,NAN
LUCY,LUCINDA,NAN,NAN,NAN,NAN,NAN,NAN,NAN,NAN,NAN,NAN,NAN,NAN,NAN,NAN
LUELLA,LULA,ELLA,LU,NAN,NAN,NAN,NAN,NAN,NAN,NAN,NAN,NAN,NAN,NAN,NAN
LUKE,LUCAS,NAN,NAN,NAN,NAN,NAN,NAN,NAN,NAN,NAN,NAN,NAN,NAN,NAN,NAN
LUNETTA,NETTIE,NAN,NAN,NAN,NAN,NAN,NAN,NAN,NAN,NAN,NAN,NAN,NAN,NAN,NAN
LURANA,LURA,NAN,NAN,NAN,NAN,NAN,NAN,NAN,NAN,NAN,NAN,NAN,NAN,NAN,NAN
LUTHER,LUKE,NAN,NAN,NAN,NAN,NAN,NAN,NAN,NAN,NAN,NAN,NAN,NAN,NAN,NAN
LYDIA,LYDDY,NAN,NAN,NAN,NAN,NAN,NAN,NAN,NAN,NAN,NAN,NAN,NAN,NAN,NAN
LYNDON,LINDY,LYNN,NAN,NAN,NAN,NAN,NAN,NAN,NAN,NAN,NAN,NAN,NAN,NAN,NAN
MABEL,MEHITABEL,AMABEL,NAN,NAN,NAN,NAN,NAN,NAN,NAN,NAN,NAN,NAN,NAN,NAN,NAN
MAC,MC,NAN,NAN,NAN,NAN,NAN,NAN,NAN,NAN,NAN,NAN,NAN,NAN,NAN,NAN
MACK,MAC,MC,NAN,NAN,NAN,NAN,NAN,NAN,NAN,NAN,NAN,NAN,NAN,NAN,NAN
MACKENZIE,KENZY,MAC,MACK,NAN,NAN,NAN,NAN,NAN,NAN,NAN,NAN,NAN,NAN,NAN,NAN
MADDY,MADELYN,MADELINE,MADGE,NAN,NAN,NAN,NAN,NAN,NAN,NAN,NAN,NAN,NAN,NAN,NAN
MADELINE,MAGGIE,LENA,MAGDA,MADDY,MADGE,NAN,NAN,NAN,NAN,NAN,NAN,NAN,NAN,NAN,NAN
MADIE,MADELINE,MADELYN,NAN,NAN,NAN,NAN,NAN,NAN,NAN,NAN,NAN,NAN,NAN,NAN,NAN
MADISON,MATTIE,MADDY,NAN,NAN,NAN,NAN,NAN,NAN,NAN,NAN,NAN,NAN,NAN,NAN,NAN
MAGDALENA,MAGGIE,LENA,NAN,NAN,NAN,NAN,NAN,NAN,NAN,NAN,NAN,NAN,NAN,NAN,NAN
MAGDELINA,LENA,MAGDA,MADGE,NAN,NAN,NAN,NAN,NAN,NAN,NAN,NAN,NAN,NAN,NAN,NAN
MAHALA,HALLIE,NAN,NAN,NAN,NAN,NAN,NAN,NAN,NAN,NAN,NAN,NAN,NAN,NAN,NAN
MALACHI,MALLY,NAN,NAN,NAN,NAN,NAN,NAN,NAN,NAN,NAN,NAN,NAN,NAN,NAN,NAN
MALCOLM,MAC,MAL,MALC,NAN,NAN,NAN,NAN,NAN,NAN,NAN,NAN,NAN,NAN,NAN,NAN
MALINDA,LINDY,NAN,NAN,NAN,NAN,NAN,NAN,NAN,NAN,NAN,NAN,NAN,NAN,NAN,NAN
MANDA,MANDY,NAN,NAN,NAN,NAN,NAN,NAN,NAN,NAN,NAN,NAN,NAN,NAN,NAN,NAN
MANDY,AMANDA,NAN,NAN,NAN,NAN,NAN,NAN,NAN,NAN,NAN,NAN,NAN,NAN,NAN,NAN
MANERVA,MINERVA,NERVIE,EVE,NERVA,NAN,NAN,NAN,NAN,NAN,NAN,NAN,NAN,NAN,NAN,NAN
MANNY,MANUEL,NAN,NAN,NAN,NAN,NAN,NAN,NAN,NAN,NAN,NAN,NAN,NAN,NAN,NAN
MANOAH,NOAH,NAN,NAN,NAN,NAN,NAN,NAN,NAN,NAN,NAN,NAN,NAN,NAN,NAN,NAN
MANOLA,NONNIE,NAN,NAN,NAN,NAN,NAN,NAN,NAN,NAN,NAN,NAN,NAN,NAN,NAN,NAN
MANUEL,EMANUEL,MANNY,NAN,NAN,NAN,NAN,NAN,NAN,NAN,NAN,NAN,NAN,NAN,NAN,NAN
MARCUS,MARK,NAN,NAN,NAN,NAN,NAN,NAN,NAN,NAN,NAN,NAN,NAN,NAN,NAN,NAN
MARGARET,MAGGIE,MEG,PEG,MIDGE,MARGY,MARGIE,MADGE,PEGGY,MAGGY,MARGE,DAISY,MARGERY,GRETTA,RITA,NAN
MARGARETTA,MAGGIE,MEG,PEG,MIDGE,MARGIE,MADGE,PEGGY,MARGE,DAISY,MARGERY,GRETTA,RITA,NAN,NAN,NAN
MARGARITA,MAGGIE,MEG,METTA,MIDGE,GRETA,MEGAN,MAISIE,MADGE,MARGE,DAISY,PEGGIE,RITA,MARGO,NAN,NAN
MARGE,MARGERY,MARGARET,MARGARETTA,NAN,NAN,NAN,NAN,NAN,NAN,NAN,NAN,NAN,NAN,NAN,NAN
MARGIE,MARJORIE,MARGIE,NAN,NAN,NAN,NAN,NAN,NAN,NAN,NAN,NAN,NAN,NAN,NAN,NAN
MARGUERITE,PEGGY,NAN,NAN,NAN,NAN,NAN,NAN,NAN,NAN,NAN,NAN,NAN,NAN,NAN,NAN
MARGY,MARJORIE,NAN,NAN,NAN,NAN,NAN,NAN,NAN,NAN,NAN,NAN,NAN,NAN,NAN,NAN
MARIAH,MARY,MARIA,NAN,NAN,NAN,NAN,NAN,NAN,NAN,NAN,NAN,NAN,NAN,NAN,NAN
MARIAN,MARIANNA,MARION,NAN,NAN,NAN,NAN,NAN,NAN,NAN,NAN,NAN,NAN,NAN,NAN,NAN
MARIE,MAE,NAN,NAN,NAN,NAN,NAN,NAN,NAN,NAN,NAN,NAN,NAN,NAN,NAN,NAN
MARIETTA,MARIAH,MERCY,POLLY,MAY,MOLLY,MITZI,MINNIE,MOLLIE,MAE,MAUREEN,MARION,MARIE,MAMIE,MARY,MARIA
MARILYN,MARY,NAN,NAN,NAN,NAN,NAN,NAN,NAN,NAN,NAN,NAN,NAN,NAN,NAN,NAN
MARION,MARY,NAN,NAN,NAN,NAN,NAN,NAN,NAN,NAN,NAN,NAN,NAN,NAN,NAN,NAN
MARISSA,RISSA,NAN,NAN,NAN,NAN,NAN,NAN,NAN,NAN,NAN,NAN,NAN,NAN,NAN,NAN
MARJORIE,MARGY,MARGIE,NAN,NAN,NAN,NAN,NAN,NAN,NAN,NAN,NAN,NAN,NAN,NAN,NAN
MARSHA,MARCIE,MARY,NAN,NAN,NAN,NAN,NAN,NAN,NAN,NAN,NAN,NAN,NAN,NAN,NAN
MARTHA,MARTY,MATTIE,MAT,PATSY,PATTY,NAN,NAN,NAN,NAN,NAN,NAN,NAN,NAN,NAN,NAN
MARTIN,MARTY,NAN,NAN,NAN,NAN,NAN,NAN,NAN,NAN,NAN,NAN,NAN,NAN,NAN,NAN
MARTINA,TINA,NAN,NAN,NAN,NAN,NAN,NAN,NAN,NAN,NAN,NAN,NAN,NAN,NAN,NAN
MARTINE,TINE,NAN,NAN,NAN,NAN,NAN,NAN,NAN,NAN,NAN,NAN,NAN,NAN,NAN,NAN
MARV,MARVIN,NAN,NAN,NAN,NAN,NAN,NAN,NAN,NAN,NAN,NAN,NAN,NAN,NAN,NAN
MARVIN,MARV,NAN,NAN,NAN,NAN,NAN,NAN,NAN,NAN,NAN,NAN,NAN,NAN,NAN,NAN
MARY,MAMIE,MOLLY,MAE,POLLY,MITZI,NAN,NAN,NAN,NAN,NAN,NAN,NAN,NAN,NAN,NAN
MAT,MATTIE,NAN,NAN,NAN,NAN,NAN,NAN,NAN,NAN,NAN,NAN,NAN,NAN,NAN,NAN
MATHILDA,TILLIE,PATTY,NAN,NAN,NAN,NAN,NAN,NAN,NAN,NAN,NAN,NAN,NAN,NAN,NAN
MATILDA,TILLY,MAUD,MATTY,NAN,NAN,NAN,NAN,NAN,NAN,NAN,NAN,NAN,NAN,NAN,NAN
MATT,MATHEW,MATTHEW,NAN,NAN,NAN,NAN,NAN,NAN,NAN,NAN,NAN,NAN,NAN,NAN,NAN
MATTHEW,THYS,MATT,THIAS,MATTIE,MATTY,NAN,NAN,NAN,NAN,NAN,NAN,NAN,NAN,NAN,NAN
MATTHIAS,THYS,MATT,THIAS,NAN,NAN,NAN,NAN,NAN,NAN,NAN,NAN,NAN,NAN,NAN,NAN
MAUD,MIDDY,NAN,NAN,NAN,NAN,NAN,NAN,NAN,NAN,NAN,NAN,NAN,NAN,NAN,NAN
MAUREEN,MARY,NAN,NAN,NAN,NAN,NAN,NAN,NAN,NAN,NAN,NAN,NAN,NAN,NAN,NAN
MAURICE,MOREY,NAN,NAN,NAN,NAN,NAN,NAN,NAN,NAN,NAN,NAN,NAN,NAN,NAN,NAN
MAVERY,MAVE,NAN,NAN,NAN,NAN,NAN,NAN,NAN,NAN,NAN,NAN,NAN,NAN,NAN,NAN
MAVINE,MAVE,NAN,NAN,NAN,NAN,NAN,NAN,NAN,NAN,NAN,NAN,NAN,NAN,NAN,NAN
MAXINE,MAX,NAN,NAN,NAN,NAN,NAN,NAN,NAN,NAN,NAN,NAN,NAN,NAN,NAN,NAN
MAY,MAE,NAN,NAN,NAN,NAN,NAN,NAN,NAN,NAN,NAN,NAN,NAN,NAN,NAN,NAN
MCKENNA,KEN,KENNA,MEAKA,NAN,NAN,NAN,NAN,NAN,NAN,NAN,NAN,NAN,NAN,NAN,NAN
MEDORA,DORA,NAN,NAN,NAN,NAN,NAN,NAN,NAN,NAN,NAN,NAN,NAN,NAN,NAN,NAN
MEGAN,MEG,NAN,NAN,NAN,NAN,NAN,NAN,NAN,NAN,NAN,NAN,NAN,NAN,NAN,NAN
MEHITABEL,HETTY,MITTY,MABEL,HITTY,NAN,NAN,NAN,NAN,NAN,NAN,NAN,NAN,NAN,NAN,NAN
MELANIE,MELLIE,NAN,NAN,NAN,NAN,NAN,NAN,NAN,NAN,NAN,NAN,NAN,NAN,NAN,NAN
MELCHIZEDEK,ZADOCK,DICK,NAN,NAN,NAN,NAN,NAN,NAN,NAN,NAN,NAN,NAN,NAN,NAN,NAN
MELINDA,LINDA,MEL,LYNN,MINDY,LINDY,NAN,NAN,NAN,NAN,NAN,NAN,NAN,NAN,NAN,NAN
MELISSA,LISA,MEL,MISSY,MILLY,LISSA,NAN,NAN,NAN,NAN,NAN,NAN,NAN,NAN,NAN,NAN
MELLONY,MELLIA,NAN,NAN,NAN,NAN,NAN,NAN,NAN,NAN,NAN,NAN,NAN,NAN,NAN,NAN
MELODY,LODI,NAN,NAN,NAN,NAN,NAN,NAN,NAN,NAN,NAN,NAN,NAN,NAN,NAN,NAN
MELVIN,MEL,NAN,NAN,NAN,NAN,NAN,NAN,NAN,NAN,NAN,NAN,NAN,NAN,NAN,NAN
MELVINA,VINA,NAN,NAN,NAN,NAN,NAN,NAN,NAN,NAN,NAN,NAN,NAN,NAN,NAN,NAN
MERCEDES,MERCI,SADIE,MERCY,NAN,NAN,NAN,NAN,NAN,NAN,NAN,NAN,NAN,NAN,NAN,NAN
MERV,MERVIN,NAN,NAN,NAN,NAN,NAN,NAN,NAN,NAN,NAN,NAN,NAN,NAN,NAN,NAN
MERVYN,MERV,NAN,NAN,NAN,NAN,NAN,NAN,NAN,NAN,NAN,NAN,NAN,NAN,NAN,NAN
MICAJAH,CAGE,NAN,NAN,NAN,NAN,NAN,NAN,NAN,NAN,NAN,NAN,NAN,NAN,NAN,NAN
MICHAEL,MICKY,MIKE,MICAH,MICK,NAN,NAN,NAN,NAN,NAN,NAN,NAN,NAN,NAN,NAN,NAN
MICHELLE,MICKEY,NAN,NAN,NAN,NAN,NAN,NAN,NAN,NAN,NAN,NAN,NAN,NAN,NAN,NAN
MICK,MICKY,NAN,NAN,NAN,NAN,NAN,NAN,NAN,NAN,NAN,NAN,NAN,NAN,NAN,NAN
MIKE,MICKY,MICK,MICHAEL,NAN,NAN,NAN,NAN,NAN,NAN,NAN,NAN,NAN,NAN,NAN,NAN
MILDRED,MILLY,NAN,NAN,NAN,NAN,NAN,NAN,NAN,NAN,NAN,NAN,NAN,NAN,NAN,NAN
MILLICENT,MISSY,MILLY,NAN,NAN,NAN,NAN,NAN,NAN,NAN,NAN,NAN,NAN,NAN,NAN,NAN
MINERVA,MINNIE,NAN,NAN,NAN,NAN,NAN,NAN,NAN,NAN,NAN,NAN,NAN,NAN,NAN,NAN
MINNIE,WILHELMINA,NAN,NAN,NAN,NAN,NAN,NAN,NAN,NAN,NAN,NAN,NAN,NAN,NAN,NAN
MIRANDA,RANDY,MANDY,MIRA,NAN,NAN,NAN,NAN,NAN,NAN,NAN,NAN,NAN,NAN,NAN,NAN
MIRIAM,MIMI,MITZI,MITZIE,NAN,NAN,NAN,NAN,NAN,NAN,NAN,NAN,NAN,NAN,NAN,NAN
MISSY,MELISSA,NAN,NAN,NAN,NAN,NAN,NAN,NAN,NAN,NAN,NAN,NAN,NAN,NAN,NAN
MITCH,MITCHELL,NAN,NAN,NAN,NAN,NAN,NAN,NAN,NAN,NAN,NAN,NAN,NAN,NAN,NAN
MITCHELL,MITCH,NAN,NAN,NAN,NAN,NAN,NAN,NAN,NAN,NAN,NAN,NAN,NAN,NAN,NAN
MITZI,MARY,MITTIE,MITTY,NAN,NAN,NAN,NAN,NAN,NAN,NAN,NAN,NAN,NAN,NAN,NAN
MITZIE,MITTIE,MITTY,NAN,NAN,NAN,NAN,NAN,NAN,NAN,NAN,NAN,NAN,NAN,NAN,NAN
MONET,NETTIE,NAN,NAN,NAN,NAN,NAN,NAN,NAN,NAN,NAN,NAN,NAN,NAN,NAN,NAN
MONICA,MONNA,MONNIE,NAN,NAN,NAN,NAN,NAN,NAN,NAN,NAN,NAN,NAN,NAN,NAN,NAN
MONTELEON,MONTE,NAN,NAN,NAN,NAN,NAN,NAN,NAN,NAN,NAN,NAN,NAN,NAN,NAN,NAN
MONTESQUE,MONTY,NAN,NAN,NAN,NAN,NAN,NAN,NAN,NAN,NAN,NAN,NAN,NAN,NAN,NAN
MONTGOMERY,MONTY,GUM,NAN,NAN,NAN,NAN,NAN,NAN,NAN,NAN,NAN,NAN,NAN,NAN,NAN
MONTY,LAMONT,NAN,NAN,NAN,NAN,NAN,NAN,NAN,NAN,NAN,NAN,NAN,NAN,NAN,NAN
MORRIS,MOREY,NAN,NAN,NAN,NAN,NAN,NAN,NAN,NAN,NAN,NAN,NAN,NAN,NAN,NAN
MORTIMER,MORT,NAN,NAN,NAN,NAN,NAN,NAN,NAN,NAN,NAN,NAN,NAN,NAN,NAN,NAN
MOSES,AMOS,MOSE,MOSS,NAN,NAN,NAN,NAN,NAN,NAN,NAN,NAN,NAN,NAN,NAN,NAN
MURIEL,MUR,NAN,NAN,NAN,NAN,NAN,NAN,NAN,NAN,NAN,NAN,NAN,NAN,NAN,NAN
MYRTLE,MYRT,MYRTI,MERT,NAN,NAN,NAN,NAN,NAN,NAN,NAN,NAN,NAN,NAN,NAN,NAN
NADINE,NADA,DEEDEE,NAN,NAN,NAN,NAN,NAN,NAN,NAN,NAN,NAN,NAN,NAN,NAN,NAN
NANCY,ANN,NAN,NANNY,NAN,NAN,NAN,NAN,NAN,NAN,NAN,NAN,NAN,NAN,NAN,NAN
NAOMI,OMI,NAN,NAN,NAN,NAN,NAN,NAN,NAN,NAN,NAN,NAN,NAN,NAN,NAN,NAN
NAPOLEON,NAP,NAPPY,LEON,NAN,NAN,NAN,NAN,NAN,NAN,NAN,NAN,NAN,NAN,NAN,NAN
NATALIE,NATTY,NETTIE,NAN,NAN,NAN,NAN,NAN,NAN,NAN,NAN,NAN,NAN,NAN,NAN,NAN
NATASHA,TASHA,NAT,NAN,NAN,NAN,NAN,NAN,NAN,NAN,NAN,NAN,NAN,NAN,NAN,NAN
NATHAN,NATE,NAT,NAN,NAN,NAN,NAN,NAN,NAN,NAN,NAN,NAN,NAN,NAN,NAN,NAN
NATHANIEL,THAN,NATHAN,NATE,NAT,NATTY,NAN,NAN,NAN,NAN,NAN,NAN,NAN,NAN,NAN,NAN
NELLE,NELLY,NAN,NAN,NAN,NAN,NAN,NAN,NAN,NAN,NAN,NAN,NAN,NAN,NAN,NAN
NELSON,NELS,NAN,NAN,NAN,NAN,NAN,NAN,NAN,NAN,NAN,NAN,NAN,NAN,NAN,NAN
NEWT,NEWTON,NAN,NAN,NAN,NAN,NAN,NAN,NAN,NAN,NAN,NAN,NAN,NAN,NAN,NAN
NICHOLAS,NICK,CLAES,CLAAS,NAN,NAN,NAN,NAN,NAN,NAN,NAN,NAN,NAN,NAN,NAN,NAN
NICK,NIK,NICHOLAS,NAN,NAN,NAN,NAN,NAN,NAN,NAN,NAN,NAN,NAN,NAN,NAN,NAN
NICKIE,NICHOLAS,NAN,NAN,NAN,NAN,NAN,NAN,NAN,NAN,NAN,NAN,NAN,NAN,NAN,NAN
NICODEMUS,NICK,NAN,NAN,NAN,NAN,NAN,NAN,NAN,NAN,NAN,NAN,NAN,NAN,NAN,NAN
NICOLE,NOLE,NIKKI,COLE,NAN,NAN,NAN,NAN,NAN,NAN,NAN,NAN,NAN,NAN,NAN,NAN
NIK,NICK,NAN,NAN,NAN,NAN,NAN,NAN,NAN,NAN,NAN,NAN,NAN,NAN,NAN,NAN
NORA,NONIE,NAN,NAN,NAN,NAN,NAN,NAN,NAN,NAN,NAN,NAN,NAN,NAN,NAN,NAN
NORBERT,BERT,NORBY,NAN,NAN,NAN,NAN,NAN,NAN,NAN,NAN,NAN,NAN,NAN,NAN,NAN
NOWELL,NOEL,NAN,NAN,NAN,NAN,NAN,NAN,NAN,NAN,NAN,NAN,NAN,NAN,NAN,NAN
OBADIAH,DYER,OBED,OBIE,DIAH,NAN,NAN,NAN,NAN,NAN,NAN,NAN,NAN,NAN,NAN,NAN
OBEDIENCE,OBED,BEDA,BEEDY,BIDDIE,NAN,NAN,NAN,NAN,NAN,NAN,NAN,NAN,NAN,NAN,NAN
OBIE,OBEDIAH,NAN,NAN,NAN,NAN,NAN,NAN,NAN,NAN,NAN,NAN,NAN,NAN,NAN,NAN
OCTAVIA,TAVE,TAVIA,NAN,NAN,NAN,NAN,NAN,NAN,NAN,NAN,NAN,NAN,NAN,NAN,NAN
ODELL,ODO,NAN,NAN,NAN,NAN,NAN,NAN,NAN,NAN,NAN,NAN,NAN,NAN,NAN,NAN
OLIVE,NOLLIE,LIVIA,OLLIE,NAN,NAN,NAN,NAN,NAN,NAN,NAN,NAN,NAN,NAN,NAN,NAN
OLIVER,OLLIE,NAN,NAN,NAN,NAN,NAN,NAN,NAN,NAN,NAN,NAN,NAN,NAN,NAN,NAN
OLIVIA,NOLLIE,LIVIA,OLLIE,NAN,NAN,NAN,NAN,NAN,NAN,NAN,NAN,NAN,NAN,NAN,NAN
OLLIE,OLIVER,NAN,NAN,NAN,NAN,NAN,NAN,NAN,NAN,NAN,NAN,NAN,NAN,NAN,NAN
ONICYPHOROUS,CYPHORUS,OSAFORUS,SYPHOROUS,ONE,CY,OSAFORUM,NAN,NAN,NAN,NAN,NAN,NAN,NAN,NAN,NAN
ORILLA,RILLY,ORA,NAN,NAN,NAN,NAN,NAN,NAN,NAN,NAN,NAN,NAN,NAN,NAN,NAN
ORLANDO,ROLAND,NAN,NAN,NAN,NAN,NAN,NAN,NAN,NAN,NAN,NAN,NAN,NAN,NAN,NAN
ORPHELIA,PHELIA,NAN,NAN,NAN,NAN,NAN,NAN,NAN,NAN,NAN,NAN,NAN,NAN,NAN,NAN
OSSY,OZZY,NAN,NAN,NAN,NAN,NAN,NAN,NAN,NAN,NAN,NAN,NAN,NAN,NAN,NAN
OSWALD,OZZY,WALDO,OSSY,NAN,NAN,NAN,NAN,NAN,NAN,NAN,NAN,NAN,NAN,NAN,NAN
OTIS,ODE,OTE,NAN,NAN,NAN,NAN,NAN,NAN,NAN,NAN,NAN,NAN,NAN,NAN,NAN
OZZY,OSWALD,NAN,NAN,NAN,NAN,NAN,NAN,NAN,NAN,NAN,NAN,NAN,NAN,NAN,NAN
PAMELA,PAM,NAN,NAN,NAN,NAN,NAN,NAN,NAN,NAN,NAN,NAN,NAN,NAN,NAN,NAN
PANDORA,DORA,NAN,NAN,NAN,NAN,NAN,NAN,NAN,NAN,NAN,NAN,NAN,NAN,NAN,NAN
PARMELIA,AMELIA,MILLY,MELIA,NAN,NAN,NAN,NAN,NAN,NAN,NAN,NAN,NAN,NAN,NAN,NAN
PARTHENIA,TEENY,PARSUNY,PASOONIE,PHENIE,NAN,NAN,NAN,NAN,NAN,NAN,NAN,NAN,NAN,NAN,NAN
PAT,PATRICK,PAT,PATRICIA,NAN,NAN,NAN,NAN,NAN,NAN,NAN,NAN,NAN,NAN,NAN,NAN
PATIENCE,PAT,PATTY,NAN,NAN,NAN,NAN,NAN,NAN,NAN,NAN,NAN,NAN,NAN,NAN,NAN
PATRICIA,TRICIA,PAT,PATSY,PATTY,NAN,NAN,NAN,NAN,NAN,NAN,NAN,NAN,NAN,NAN,NAN
PATRICK,PATE,PETER,PAT,PATSY,PADDY,NAN,NAN,NAN,NAN,NAN,NAN,NAN,NAN,NAN,NAN
PATSY,PATTY,NAN,NAN,NAN,NAN,NAN,NAN,NAN,NAN,NAN,NAN,NAN,NAN,NAN,NAN
PATTY,PATRICIA,NAN,NAN,NAN,NAN,NAN,NAN,NAN,NAN,NAN,NAN,NAN,NAN,NAN,NAN
PAUL,POLLY,PAULA,PAULINE,NAN,NAN,NAN,NAN,NAN,NAN,NAN,NAN,NAN,NAN,NAN,NAN
PAULA,POLLY,LINA,NAN,NAN,NAN,NAN,NAN,NAN,NAN,NAN,NAN,NAN,NAN,NAN,NAN
PAULINA,POLLY,LINA,NAN,NAN,NAN,NAN,NAN,NAN,NAN,NAN,NAN,NAN,NAN,NAN,NAN
PAULINE,POLLY,NAN,NAN,NAN,NAN,NAN,NAN,NAN,NAN,NAN,NAN,NAN,NAN,NAN,NAN
PEG,PEGGY,NAN,NAN,NAN,NAN,NAN,NAN,NAN,NAN,NAN,NAN,NAN,NAN,NAN,NAN
PELEGRINE,PERRY,NAN,NAN,NAN,NAN,NAN,NAN,NAN,NAN,NAN,NAN,NAN,NAN,NAN,NAN
PENELOPE,PENNY,NAN,NAN,NAN,NAN,NAN,NAN,NAN,NAN,NAN,NAN,NAN,NAN,NAN,NAN
PERCIVAL,PERCY,NAN,NAN,NAN,NAN,NAN,NAN,NAN,NAN,NAN,NAN,NAN,NAN,NAN,NAN
PEREGRINE,PERRY,NAN,NAN,NAN,NAN,NAN,NAN,NAN,NAN,NAN,NAN,NAN,NAN,NAN,NAN
PERMELIA,MELLY,MILLY,MELLIE,NAN,NAN,NAN,NAN,NAN,NAN,NAN,NAN,NAN,NAN,NAN,NAN
PERNETTA,NETTIE,NAN,NAN,NAN,NAN,NAN,NAN,NAN,NAN,NAN,NAN,NAN,NAN,NAN,NAN
PERSEPHONE,SEPH,SEPHY,NAN,NAN,NAN,NAN,NAN,NAN,NAN,NAN,NAN,NAN,NAN,NAN,NAN
PETE,PETER,NAN,NAN,NAN,NAN,NAN,NAN,NAN,NAN,NAN,NAN,NAN,NAN,NAN,NAN
PETER,PETE,PATE,NAN,NAN,NAN,NAN,NAN,NAN,NAN,NAN,NAN,NAN,NAN,NAN,NAN
PETRONELLA,NELLIE,NAN,NAN,NAN,NAN,NAN,NAN,NAN,NAN,NAN,NAN,NAN,NAN,NAN,NAN
PHENEY,JOSEPHINE,NAN,NAN,NAN,NAN,NAN,NAN,NAN,NAN,NAN,NAN,NAN,NAN,NAN,NAN
PHERIBA,PHERBIA,FERBIE,NAN,NAN,NAN,NAN,NAN,NAN,NAN,NAN,NAN,NAN,NAN,NAN,NAN
PHIL,PHILLIP,PHILIP,NAN,NAN,NAN,NAN,NAN,NAN,NAN,NAN,NAN,NAN,NAN,NAN,NAN
PHILADELPHIA,DELPHIA,NAN,NAN,NAN,NAN,NAN,NAN,NAN,NAN,NAN,NAN,NAN,NAN,NAN,NAN
PHILANDER,FIE,NAN,NAN,NAN,NAN,NAN,NAN,NAN,NAN,NAN,NAN,NAN,NAN,NAN,NAN
PHILETUS,LEET,PHIL,NAN,NAN,NAN,NAN,NAN,NAN,NAN,NAN,NAN,NAN,NAN,NAN,NAN
PHILINDA,LINDA,LYNN,LINDY,NAN,NAN,NAN,NAN,NAN,NAN,NAN,NAN,NAN,NAN,NAN,NAN
PHILIP,PHIL,NAN,NAN,NAN,NAN,NAN,NAN,NAN,NAN,NAN,NAN,NAN,NAN,NAN,NAN
PHILIPINA,PHOEBE,PENIE,NAN,NAN,NAN,NAN,NAN,NAN,NAN,NAN,NAN,NAN,NAN,NAN,NAN
PHILLIP,PHIL,NAN,NAN,NAN,NAN,NAN,NAN,NAN,NAN,NAN,NAN,NAN,NAN,NAN,NAN
PHILLY,DELPHIA,NAN,NAN,NAN,NAN,NAN,NAN,NAN,NAN,NAN,NAN,NAN,NAN,NAN,NAN
PHILOMENA,MENAALMENA,NAN,NAN,NAN,NAN,NAN,NAN,NAN,NAN,NAN,NAN,NAN,NAN,NAN,NAN
PHOEBE,FIFI,NAN,NAN,NAN,NAN,NAN,NAN,NAN,NAN,NAN,NAN,NAN,NAN,NAN,NAN
PINCKNEY,PINK,NAN,NAN,NAN,NAN,NAN,NAN,NAN,NAN,NAN,NAN,NAN,NAN,NAN,NAN
PLEASANT,PLES,NAN,NAN,NAN,NAN,NAN,NAN,NAN,NAN,NAN,NAN,NAN,NAN,NAN,NAN
POCAHONTAS,POKEY,NAN,NAN,NAN,NAN,NAN,NAN,NAN,NAN,NAN,NAN,NAN,NAN,NAN,NAN
POSTHUMA,HUMEY,NAN,NAN,NAN,NAN,NAN,NAN,NAN,NAN,NAN,NAN,NAN,NAN,NAN,NAN
PRESCOTT,SCOTTY,SCOTT,PRES,NAN,NAN,NAN,NAN,NAN,NAN,NAN,NAN,NAN,NAN,NAN,NAN
PRISCILLA,PRISSY,CISSY,CILLA,NAN,NAN,NAN,NAN,NAN,NAN,NAN,NAN,NAN,NAN,NAN,NAN
PROVIDENCE,PROVY,NAN,NAN,NAN,NAN,NAN,NAN,NAN,NAN,NAN,NAN,NAN,NAN,NAN,NAN
PRUDENCE,PRUE,PRUDY,NAN,NAN,NAN,NAN,NAN,NAN,NAN,NAN,NAN,NAN,NAN,NAN,NAN
PRUDY,PRUDENCE,NAN,NAN,NAN,NAN,NAN,NAN,NAN,NAN,NAN,NAN,NAN,NAN,NAN,NAN
RACHEL,SHELLY,NAN,NAN,NAN,NAN,NAN,NAN,NAN,NAN,NAN,NAN,NAN,NAN,NAN,NAN
RAFAELA,RAFA,NAN,NAN,NAN,NAN,NAN,NAN,NAN,NAN,NAN,NAN,NAN,NAN,NAN,NAN
RAMONA,MONA,NAN,NAN,NAN,NAN,NAN,NAN,NAN,NAN,NAN,NAN,NAN,NAN,NAN,NAN
RANDOLPH,DOLPH,RANDY,NAN,NAN,NAN,NAN,NAN,NAN,NAN,NAN,NAN,NAN,NAN,NAN,NAN
RAPHAEL,RALPH,NAN,NAN,NAN,NAN,NAN,NAN,NAN,NAN,NAN,NAN,NAN,NAN,NAN,NAN
RAY,RAYMOND,NAN,NAN,NAN,NAN,NAN,NAN,NAN,NAN,NAN,NAN,NAN,NAN,NAN,NAN
RAYMOND,RAY,NAN,NAN,NAN,NAN,NAN,NAN,NAN,NAN,NAN,NAN,NAN,NAN,NAN,NAN
REBA,BECK,BECCA,NAN,NAN,NAN,NAN,NAN,NAN,NAN,NAN,NAN,NAN,NAN,NAN,NAN
REBECCA,BECK,BECCA,REBA,BECKY,NAN,NAN,NAN,NAN,NAN,NAN,NAN,NAN,NAN,NAN,NAN
REG,REGGIE,NAN,NAN,NAN,NAN,NAN,NAN,NAN,NAN,NAN,NAN,NAN,NAN,NAN,NAN
REGGIE,REGINALD,NAN,NAN,NAN,NAN,NAN,NAN,NAN,NAN,NAN,NAN,NAN,NAN,NAN,NAN
REGINA,REGGIE,GINA,NAN,NAN,NAN,NAN,NAN,NAN,NAN,NAN,NAN,NAN,NAN,NAN,NAN
REGINALD,REGGIE,NALDO,REG,RENNY,NAN,NAN,NAN,NAN,NAN,NAN,NAN,NAN,NAN,NAN,NAN
RELIEF,LEAFA,NAN,NAN,NAN,NAN,NAN,NAN,NAN,NAN,NAN,NAN,NAN,NAN,NAN,NAN
REUBEN,RUBE,NAN,NAN,NAN,NAN,NAN,NAN,NAN,NAN,NAN,NAN,NAN,NAN,NAN,NAN
REYNOLD,REGINALD,NAN,NAN,NAN,NAN,NAN,NAN,NAN,NAN,NAN,NAN,NAN,NAN,NAN,NAN
RHODA,RODIE,NAN,NAN,NAN,NAN,NAN,NAN,NAN,NAN,NAN,NAN,NAN,NAN,NAN,NAN
RHODELLA,DELLA,NAN,NAN,NAN,NAN,NAN,NAN,NAN,NAN,NAN,NAN,NAN,NAN,NAN,NAN
RHYNA,RHYNIE,NAN,NAN,NAN,NAN,NAN,NAN,NAN,NAN,NAN,NAN,NAN,NAN,NAN,NAN
RICARDO,RICK,RICKY,NAN,NAN,NAN,NAN,NAN,NAN,NAN,NAN,NAN,NAN,NAN,NAN,NAN
RICH,DICK,RICK,RICHE,RICHARD,NAN,NAN,NAN,NAN,NAN,NAN,NAN,NAN,NAN,NAN,NAN
RICHARD,DICK,DICKON,DICKIE,DICKY,RICK,RICH,RICKY,NAN,NAN,NAN,NAN,NAN,NAN,NAN,NAN
RICHIE,RICHARD,NAN,NAN,NAN,NAN,NAN,NAN,NAN,NAN,NAN,NAN,NAN,NAN,NAN,NAN
RICK,RICKY,NAN,NAN,NAN,NAN,NAN,NAN,NAN,NAN,NAN,NAN,NAN,NAN,NAN,NAN
RICKY,DICK,RICH,NAN,NAN,NAN,NAN,NAN,NAN,NAN,NAN,NAN,NAN,NAN,NAN,NAN
ROBERT,HOB,HOBKIN,DOB,ROB,BOBBY,DOBBIN,BOB,NAN,NAN,NAN,NAN,NAN,NAN,NAN,NAN
ROBERTA,ROBBIE,BERT,BOBBIE,BIRDIE,BERTIE,NAN,NAN,NAN,NAN,NAN,NAN,NAN,NAN,NAN,NAN
RODERICK,ROD,ERICK,RICKIE,NAN,NAN,NAN,NAN,NAN,NAN,NAN,NAN,NAN,NAN,NAN,NAN
RODGER,ROGE,BOBBY,HODGE,ROD,ROBBY,RUPERT,ROBIN,NAN,NAN,NAN,NAN,NAN,NAN,NAN,NAN
ROGER,ROGE,BOBBY,HODGE,ROD,ROBBY,RUPERT,ROBIN,NAN,NAN,NAN,NAN,NAN,NAN,NAN,NAN
ROLAND,ROLLO,LANNY,ORLANDO,ROLLY,NAN,NAN,NAN,NAN,NAN,NAN,NAN,NAN,NAN,NAN,NAN
RON,RONALD,RONNIE,RONNY,NAN,NAN,NAN,NAN,NAN,NAN,NAN,NAN,NAN,NAN,NAN,NAN
RONALD,NALDO,RON,RONNY,NAN,NAN,NAN,NAN,NAN,NAN,NAN,NAN,NAN,NAN,NAN,NAN
RONNIE,RONALD,NAN,NAN,NAN,NAN,NAN,NAN,NAN,NAN,NAN,NAN,NAN,NAN,NAN,NAN
RONNY,RONALD,NAN,NAN,NAN,NAN,NAN,NAN,NAN,NAN,NAN,NAN,NAN,NAN,NAN,NAN
ROSA,ROSE,NAN,NAN,NAN,NAN,NAN,NAN,NAN,NAN,NAN,NAN,NAN,NAN,NAN,NAN
ROSABEL,BELLE,ROZ,ROSA,ROSE,NAN,NAN,NAN,NAN,NAN,NAN,NAN,NAN,NAN,NAN,NAN
ROSABELLA,BELLE,ROZ,ROSA,ROSE,NAN,NAN,NAN,NAN,NAN,NAN,NAN,NAN,NAN,NAN,NAN
ROSALINDA,LINDA,ROZ,ROSA,ROSE,NAN,NAN,NAN,NAN,NAN,NAN,NAN,NAN,NAN,NAN,NAN
ROSALYN,LINDA,ROZ,ROSA,ROSE,NAN,NAN,NAN,NAN,NAN,NAN,NAN,NAN,NAN,NAN,NAN
ROSCOE,ROSS,NAN,NAN,NAN,NAN,NAN,NAN,NAN,NAN,NAN,NAN,NAN,NAN,NAN,NAN
ROSE,ROSIE,NAN,NAN,NAN,NAN,NAN,NAN,NAN,NAN,NAN,NAN,NAN,NAN,NAN,NAN
ROSEANN,ROSE,ANN,ROSIE,ROZ,NAN,NAN,NAN,NAN,NAN,NAN,NAN,NAN,NAN,NAN,NAN
ROSEANNA,ROSE,ANN,ROSIE,ROZ,NAN,NAN,NAN,NAN,NAN,NAN,NAN,NAN,NAN,NAN,NAN
ROSEANNE,ANN,NAN,NAN,NAN,NAN,NAN,NAN,NAN,NAN,NAN,NAN,NAN,NAN,NAN,NAN
ROSINA,SINA,NAN,NAN,NAN,NAN,NAN,NAN,NAN,NAN,NAN,NAN,NAN,NAN,NAN,NAN
ROXANE,ROX,ROXIE,NAN,NAN,NAN,NAN,NAN,NAN,NAN,NAN,NAN,NAN,NAN,NAN,NAN
ROXANNA,ROXIE,ROSE,ANN,NAN,NAN,NAN,NAN,NAN,NAN,NAN,NAN,NAN,NAN,NAN,NAN
ROXANNE,ROXIE,ROSE,ANN,NAN,NAN,NAN,NAN,NAN,NAN,NAN,NAN,NAN,NAN,NAN,NAN
ROZ,ROSALYN,NAN,NAN,NAN,NAN,NAN,NAN,NAN,NAN,NAN,NAN,NAN,NAN,NAN,NAN
RUBE,REUBEN,NAN,NAN,NAN,NAN,NAN,NAN,NAN,NAN,NAN,NAN,NAN,NAN,NAN,NAN
RUDOLPH,DOLPH,RUDY,OLPH,ROLF,NAN,NAN,NAN,NAN,NAN,NAN,NAN,NAN,NAN,NAN,NAN
RUDOLPHUS,DOLPH,RUDY,OLPH,ROLF,NAN,NAN,NAN,NAN,NAN,NAN,NAN,NAN,NAN,NAN,NAN
RUDY,RUDOLPH,NAN,NAN,NAN,NAN,NAN,NAN,NAN,NAN,NAN,NAN,NAN,NAN,NAN,NAN
RUSS,RUSSELL,NAN,NAN,NAN,NAN,NAN,NAN,NAN,NAN,NAN,NAN,NAN,NAN,NAN,NAN
RUSSELL,RUSS,RUSTY,NAN,NAN,NAN,NAN,NAN,NAN,NAN,NAN,NAN,NAN,NAN,NAN,NAN
RUSTY,RUSSELL,NAN,NAN,NAN,NAN,NAN,NAN,NAN,NAN,NAN,NAN,NAN,NAN,NAN,NAN
RYAN,RY,NAN,NAN,NAN,NAN,NAN,NAN,NAN,NAN,NAN,NAN,NAN,NAN,NAN,NAN
SABRINA,BRINA,NAN,NAN,NAN,NAN,NAN,NAN,NAN,NAN,NAN,NAN,NAN,NAN,NAN,NAN
SALOME,LOOMIE,NAN,NAN,NAN,NAN,NAN,NAN,NAN,NAN,NAN,NAN,NAN,NAN,NAN,NAN
SALVADOR,SAL,NAN,NAN,NAN,NAN,NAN,NAN,NAN,NAN,NAN,NAN,NAN,NAN,NAN,NAN
SAM,SAMMY,SAMUEL,NAN,NAN,NAN,NAN,NAN,NAN,NAN,NAN,NAN,NAN,NAN,NAN,NAN
SAMANTHA,SAMMY,SAM,MANTHA,NAN,NAN,NAN,NAN,NAN,NAN,NAN,NAN,NAN,NAN,NAN,NAN
SAMMY,SAMUEL,NAN,NAN,NAN,NAN,NAN,NAN,NAN,NAN,NAN,NAN,NAN,NAN,NAN,NAN
SAMPSON,SAM,NAN,NAN,NAN,NAN,NAN,NAN,NAN,NAN,NAN,NAN,NAN,NAN,NAN,NAN
SAMSON,SAM,NAN,NAN,NAN,NAN,NAN,NAN,NAN,NAN,NAN,NAN,NAN,NAN,NAN,NAN
SAMUEL,SAMMY,SAM,NAN,NAN,NAN,NAN,NAN,NAN,NAN,NAN,NAN,NAN,NAN,NAN,NAN
SAMYRA,MYRA,NAN,NAN,NAN,NAN,NAN,NAN,NAN,NAN,NAN,NAN,NAN,NAN,NAN,NAN
SANDRA,SANDY,CASSANDRA,NAN,NAN,NAN,NAN,NAN,NAN,NAN,NAN,NAN,NAN,NAN,NAN,NAN
SANDY,SANDRA,NAN,NAN,NAN,NAN,NAN,NAN,NAN,NAN,NAN,NAN,NAN,NAN,NAN,NAN
SANFORD,SANDY,NAN,NAN,NAN,NAN,NAN,NAN,NAN,NAN,NAN,NAN,NAN,NAN,NAN,NAN
SARAH,SALLY,SADIE,NAN,NAN,NAN,NAN,NAN,NAN,NAN,NAN,NAN,NAN,NAN,NAN,NAN
SARILLA,SILLA,NAN,NAN,NAN,NAN,NAN,NAN,NAN,NAN,NAN,NAN,NAN,NAN,NAN,NAN
SAVANNAH,VANNIE,ANNA,NAN,NAN,NAN,NAN,NAN,NAN,NAN,NAN,NAN,NAN,NAN,NAN,NAN
SCOTT,SCOTTY,SCEETER,SQUAT,SCOTTIE,NAN,NAN,NAN,NAN,NAN,NAN,NAN,NAN,NAN,NAN,NAN
SEBASTIAN,SEBBY,NAN,NAN,NAN,NAN,NAN,NAN,NAN,NAN,NAN,NAN,NAN,NAN,NAN,NAN
SELMA,ANSELM,NAN,NAN,NAN,NAN,NAN,NAN,NAN,NAN,NAN,NAN,NAN,NAN,NAN,NAN
SERENA,RENA,NAN,NAN,NAN,NAN,NAN,NAN,NAN,NAN,NAN,NAN,NAN,NAN,NAN,NAN
SERILLA,RILLA,NAN,NAN,NAN,NAN,NAN,NAN,NAN,NAN,NAN,NAN,NAN,NAN,NAN,NAN
SEYMOUR,SEE,MOREY,NAN,NAN,NAN,NAN,NAN,NAN,NAN,NAN,NAN,NAN,NAN,NAN,NAN
SHAINA,SHA,SHAY,NAN,NAN,NAN,NAN,NAN,NAN,NAN,NAN,NAN,NAN,NAN,NAN,NAN
SHARON,SHA,SHAY,NAN,NAN,NAN,NAN,NAN,NAN,NAN,NAN,NAN,NAN,NAN,NAN,NAN
SHEILA,CECILIA,NAN,NAN,NAN,NAN,NAN,NAN,NAN,NAN,NAN,NAN,NAN,NAN,NAN,NAN
SHELDON,SHELLY,NAN,NAN,NAN,NAN,NAN,NAN,NAN,NAN,NAN,NAN,NAN,NAN,NAN,NAN
SHELTON,TONY,SHEL,SHELLY,NAN,NAN,NAN,NAN,NAN,NAN,NAN,NAN,NAN,NAN,NAN,NAN
SHERIDAN,DAN,DANNY,SHER,NAN,NAN,NAN,NAN,NAN,NAN,NAN,NAN,NAN,NAN,NAN,NAN
SHERYL,SHER,NAN,NAN,NAN,NAN,NAN,NAN,NAN,NAN,NAN,NAN,NAN,NAN,NAN,NAN
SHIRLEY,SHERRY,LEE,SHIRL,NAN,NAN,NAN,NAN,NAN,NAN,NAN,NAN,NAN,NAN,NAN,NAN
SIBBILLA,SYBILL,SIBBIE,SIBBELL,NAN,NAN,NAN,NAN,NAN,NAN,NAN,NAN,NAN,NAN,NAN,NAN
SIDNEY,SYD,SID,NAN,NAN,NAN,NAN,NAN,NAN,NAN,NAN,NAN,NAN,NAN,NAN,NAN
SIGFIRED,SID,NAN,NAN,NAN,NAN,NAN,NAN,NAN,NAN,NAN,NAN,NAN,NAN,NAN,NAN
SIGFRID,SID,NAN,NAN,NAN,NAN,NAN,NAN,NAN,NAN,NAN,NAN,NAN,NAN,NAN,NAN
SIGISMUND,SIG,NAN,NAN,NAN,NAN,NAN,NAN,NAN,NAN,NAN,NAN,NAN,NAN,NAN,NAN
SILAS,SI,NAN,NAN,NAN,NAN,NAN,NAN,NAN,NAN,NAN,NAN,NAN,NAN,NAN,NAN
SILENCE,LILEY,NAN,NAN,NAN,NAN,NAN,NAN,NAN,NAN,NAN,NAN,NAN,NAN,NAN,NAN
SILVESTER,VESTER,SI,SLY,VEST,SYL,NAN,NAN,NAN,NAN,NAN,NAN,NAN,NAN,NAN,NAN
SIMEON,SI,SION,NAN,NAN,NAN,NAN,NAN,NAN,NAN,NAN,NAN,NAN,NAN,NAN,NAN
SIMON,SI,SION,NAN,NAN,NAN,NAN,NAN,NAN,NAN,NAN,NAN,NAN,NAN,NAN,NAN
SLY,SYLVESTER,NAN,NAN,NAN,NAN,NAN,NAN,NAN,NAN,NAN,NAN,NAN,NAN,NAN,NAN
SMITH,SMITTY,NAN,NAN,NAN,NAN,NAN,NAN,NAN,NAN,NAN,NAN,NAN,NAN,NAN,NAN
SOCRATES,CRATE,NAN,NAN,NAN,NAN,NAN,NAN,NAN,NAN,NAN,NAN,NAN,NAN,NAN,NAN
SOLOMON,SAL,SALMON,SOL,SOLLY,SAUL,ZOLLY,NAN,NAN,NAN,NAN,NAN,NAN,NAN,NAN,NAN
SONDRA,DRE,SONNIE,NAN,NAN,NAN,NAN,NAN,NAN,NAN,NAN,NAN,NAN,NAN,NAN,NAN
SOPHIA,SOPHIE,NAN,NAN,NAN,NAN,NAN,NAN,NAN,NAN,NAN,NAN,NAN,NAN,NAN,NAN
SOPHRONIA,FRONA,SOPHIA,FRONIA,NAN,NAN,NAN,NAN,NAN,NAN,NAN,NAN,NAN,NAN,NAN,NAN
STEPHAN,STEVE,NAN,NAN,NAN,NAN,NAN,NAN,NAN,NAN,NAN,NAN,NAN,NAN,NAN,NAN
STEPHANIE,STEPHEN,STEPHIE,ANNIE,STEPH,NAN,NAN,NAN,NAN,NAN,NAN,NAN,NAN,NAN,NAN,NAN
STEPHEN,STEVE,STEPH,NAN,NAN,NAN,NAN,NAN,NAN,NAN,NAN,NAN,NAN,NAN,NAN,NAN
STEVE,STEPHEN,STEVEN,NAN,NAN,NAN,NAN,NAN,NAN,NAN,NAN,NAN,NAN,NAN,NAN,NAN
STEVEN,STEVE,STEPH,NAN,NAN,NAN,NAN,NAN,NAN,NAN,NAN,NAN,NAN,NAN,NAN,NAN
STUART,STU,NAN,NAN,NAN,NAN,NAN,NAN,NAN,NAN,NAN,NAN,NAN,NAN,NAN,NAN
SUE,SUSIE,SUSAN,NAN,NAN,NAN,NAN,NAN,NAN,NAN,NAN,NAN,NAN,NAN,NAN,NAN
SULLIVAN,SULLY,VAN,NAN,NAN,NAN,NAN,NAN,NAN,NAN,NAN,NAN,NAN,NAN,NAN,NAN
SULLY,SULLIVAN,NAN,NAN,NAN,NAN,NAN,NAN,NAN,NAN,NAN,NAN,NAN,NAN,NAN,NAN
SUSAN,HANNAH,SUSIE,SUE,SUKEY,SUZIE,NAN,NAN,NAN,NAN,NAN,NAN,NAN,NAN,NAN,NAN
SUSANNAH,HANNAH,SUSIE,SUE,SUKEY,NAN,NAN,NAN,NAN,NAN,NAN,NAN,NAN,NAN,NAN,NAN
SUSIE,SUZIE,NAN,NAN,NAN,NAN,NAN,NAN,NAN,NAN,NAN,NAN,NAN,NAN,NAN,NAN
SUZANNE,SUKI,SUE,SUSIE,NAN,NAN,NAN,NAN,NAN,NAN,NAN,NAN,NAN,NAN,NAN,NAN
SYBILL,SIBBIE,NAN,NAN,NAN,NAN,NAN,NAN,NAN,NAN,NAN,NAN,NAN,NAN,NAN,NAN
SYDNEY,SID,NAN,NAN,NAN,NAN,NAN,NAN,NAN,NAN,NAN,NAN,NAN,NAN,NAN,NAN
SYLVANUS,SLY,SYL,NAN,NAN,NAN,NAN,NAN,NAN,NAN,NAN,NAN,NAN,NAN,NAN,NAN
SYLVESTER,SY,SLY,VET,SYL,VESTER,SI,VESSIE,NAN,NAN,NAN,NAN,NAN,NAN,NAN,NAN
TABBY,TABITHA,NAN,NAN,NAN,NAN,NAN,NAN,NAN,NAN,NAN,NAN,NAN,NAN,NAN,NAN
TABITHA,TABBY,NAN,NAN,NAN,NAN,NAN,NAN,NAN,NAN,NAN,NAN,NAN,NAN,NAN,NAN
TAMARRA,TAMMY,NAN,NAN,NAN,NAN,NAN,NAN,NAN,NAN,NAN,NAN,NAN,NAN,NAN,NAN
TANAFRA,TANNY,NAN,NAN,NAN,NAN,NAN,NAN,NAN,NAN,NAN,NAN,NAN,NAN,NAN,NAN
TASHA,TASH,TASHIE,NAN,NAN,NAN,NAN,NAN,NAN,NAN,NAN,NAN,NAN,NAN,NAN,NAN
TED,TEDDY,NAN,NAN,NAN,NAN,NAN,NAN,NAN,NAN,NAN,NAN,NAN,NAN,NAN,NAN
TEMPERANCE,TEMPY,NAN,NAN,NAN,NAN,NAN,NAN,NAN,NAN,NAN,NAN,NAN,NAN,NAN,NAN
TERENCE,TERRY,NAN,NAN,NAN,NAN,NAN,NAN,NAN,NAN,NAN,NAN,NAN,NAN,NAN,NAN
TERESA,TERRY,NAN,NAN,NAN,NAN,NAN,NAN,NAN,NAN,NAN,NAN,NAN,NAN,NAN,NAN
TERRY,TERENCE,NAN,NAN,NAN,NAN,NAN,NAN,NAN,NAN,NAN,NAN,NAN,NAN,NAN,NAN
TESS,TERESA,THERESA,NAN,NAN,NAN,NAN,NAN,NAN,NAN,NAN,NAN,NAN,NAN,NAN,NAN
TESSA,TERESA,THERESA,NAN,NAN,NAN,NAN,NAN,NAN,NAN,NAN,NAN,NAN,NAN,NAN,NAN
THAD,THADDEUS,NAN,NAN,NAN,NAN,NAN,NAN,NAN,NAN,NAN,NAN,NAN,NAN,NAN,NAN
THADDEUS,THAD,NAN,NAN,NAN,NAN,NAN,NAN,NAN,NAN,NAN,NAN,NAN,NAN,NAN,NAN
THEO,THEODORE,NAN,NAN,NAN,NAN,NAN,NAN,NAN,NAN,NAN,NAN,NAN,NAN,NAN,NAN
THEODORA,DORA,NAN,NAN,NAN,NAN,NAN,NAN,NAN,NAN,NAN,NAN,NAN,NAN,NAN,NAN
THEODORE,THEO,TED,TEDDY,NAN,NAN,NAN,NAN,NAN,NAN,NAN,NAN,NAN,NAN,NAN,NAN
THEODOSIA,THEO,DOSIA,THEODOSIUS,NAN,NAN,NAN,NAN,NAN,NAN,NAN,NAN,NAN,NAN,NAN,NAN
THEOPHILUS,OPHI,NAN,NAN,NAN,NAN,NAN,NAN,NAN,NAN,NAN,NAN,NAN,NAN,NAN,NAN
THEOTHA,OTHA,NAN,NAN,NAN,NAN,NAN,NAN,NAN,NAN,NAN,NAN,NAN,NAN,NAN,NAN
THERESA,TESSIE,THIRZA,TESSA,TERRY,TRACY,TESS,THURSA,NAN,NAN,NAN,NAN,NAN,NAN,NAN,NAN
THOM,THOMAS,TOMMY,TOM,NAN,NAN,NAN,NAN,NAN,NAN,NAN,NAN,NAN,NAN,NAN,NAN
THOMAS,THOM,TOMMY,TOM,NAN,NAN,NAN,NAN,NAN,NAN,NAN,NAN,NAN,NAN,NAN,NAN
THOMASA,TAMZINE,NAN,NAN,NAN,NAN,NAN,NAN,NAN,NAN,NAN,NAN,NAN,NAN,NAN,NAN
TIFFANY,TIFF,TIFFY,NAN,NAN,NAN,NAN,NAN,NAN,NAN,NAN,NAN,NAN,NAN,NAN,NAN
TILFORD,TILLIE,NAN,NAN,NAN,NAN,NAN,NAN,NAN,NAN,NAN,NAN,NAN,NAN,NAN,NAN
TIM,TIMOTHY,TIMMY,NAN,NAN,NAN,NAN,NAN,NAN,NAN,NAN,NAN,NAN,NAN,NAN,NAN
TIMMY,TIMOTHY,NAN,NAN,NAN,NAN,NAN,NAN,NAN,NAN,NAN,NAN,NAN,NAN,NAN,NAN
TIMOTHY,TIM,TIMMY,NAN,NAN,NAN,NAN,NAN,NAN,NAN,NAN,NAN,NAN,NAN,NAN,NAN
TINA,CHRISTINA,NAN,NAN,NAN,NAN,NAN,NAN,NAN,NAN,NAN,NAN,NAN,NAN,NAN,NAN
TOBIAS,BIAS,TOBY,NAN,NAN,NAN,NAN,NAN,NAN,NAN,NAN,NAN,NAN,NAN,NAN,NAN
TOM,THOMAS,TOMMY,NAN,NAN,NAN,NAN,NAN,NAN,NAN,NAN,NAN,NAN,NAN,NAN,NAN
TOMMY,THOMAS,NAN,NAN,NAN,NAN,NAN,NAN,NAN,NAN,NAN,NAN,NAN,NAN,NAN,NAN
TONY,ANTHONY,NAN,NAN,NAN,NAN,NAN,NAN,NAN,NAN,NAN,NAN,NAN,NAN,NAN,NAN
TRANQUILLA,TRANNIE,QUILLA,NAN,NAN,NAN,NAN,NAN,NAN,NAN,NAN,NAN,NAN,NAN,NAN,NAN
TRISHA,PATRICIA,NAN,NAN,NAN,NAN,NAN,NAN,NAN,NAN,NAN,NAN,NAN,NAN,NAN,NAN
TRIX,TRIXIE,NAN,NAN,NAN,NAN,NAN,NAN,NAN,NAN,NAN,NAN,NAN,NAN,NAN,NAN
TRUDY,GERTRUDE,NAN,NAN,NAN,NAN,NAN,NAN,NAN,NAN,NAN,NAN,NAN,NAN,NAN,NAN
TRYPHENA,PHENA,NAN,NAN,NAN,NAN,NAN,NAN,NAN,NAN,NAN,NAN,NAN,NAN,NAN,NAN
UNICE,EUNICE,NICIE,NAN,NAN,NAN,NAN,NAN,NAN,NAN,NAN,NAN,NAN,NAN,NAN,NAN
URIAH,RIAH,NAN,NAN,NAN,NAN,NAN,NAN,NAN,NAN,NAN,NAN,NAN,NAN,NAN,NAN
URSULA,SULIE,SULA,NAN,NAN,NAN,NAN,NAN,NAN,NAN,NAN,NAN,NAN,NAN,NAN,NAN
VALENTINA,FELTY,VALLIE,VAL,NAN,NAN,NAN,NAN,NAN,NAN,NAN,NAN,NAN,NAN,NAN,NAN
VALENTINE,FELTY,NAN,NAN,NAN,NAN,NAN,NAN,NAN,NAN,NAN,NAN,NAN,NAN,NAN,NAN
VALERI,VAL,NAN,NAN,NAN,NAN,NAN,NAN,NAN,NAN,NAN,NAN,NAN,NAN,NAN,NAN
VALERIE,VAL,NAN,NAN,NAN,NAN,NAN,NAN,NAN,NAN,NAN,NAN,NAN,NAN,NAN,NAN
VANBUREN,BUREN,NAN,NAN,NAN,NAN,NAN,NAN,NAN,NAN,NAN,NAN,NAN,NAN,NAN,NAN
VANDALIA,VANNIE,NAN,NAN,NAN,NAN,NAN,NAN,NAN,NAN,NAN,NAN,NAN,NAN,NAN,NAN
VANESSA,ESSA,VANNA,NESSA,NAN,NAN,NAN,NAN,NAN,NAN,NAN,NAN,NAN,NAN,NAN,NAN
VERNISEE,NICEY,NAN,NAN,NAN,NAN,NAN,NAN,NAN,NAN,NAN,NAN,NAN,NAN,NAN,NAN
VERONICA,VONNIE,RON,RONNA,RONIE,FRONY,FRANKY,RONNIE,NAN,NAN,NAN,NAN,NAN,NAN,NAN,NAN
VIC,VICKI,VICTOR,VICKY,NAN,NAN,NAN,NAN,NAN,NAN,NAN,NAN,NAN,NAN,NAN,NAN
VICKI,VICKY,VICTORIA,NAN,NAN,NAN,NAN,NAN,NAN,NAN,NAN,NAN,NAN,NAN,NAN,NAN
VICKIE,VICTORIA,NAN,NAN,NAN,NAN,NAN,NAN,NAN,NAN,NAN,NAN,NAN,NAN,NAN,NAN
VICKY,VICTORIA,NAN,NAN,NAN,NAN,NAN,NAN,NAN,NAN,NAN,NAN,NAN,NAN,NAN,NAN
VICTOR,VIC,NAN,NAN,NAN,NAN,NAN,NAN,NAN,NAN,NAN,NAN,NAN,NAN,NAN,NAN
VICTORIA,TORIE,VIC,VICKI,TORY,VICKY,NAN,NAN,NAN,NAN,NAN,NAN,NAN,NAN,NAN,NAN
VIN,VINNY,NAN,NAN,NAN,NAN,NAN,NAN,NAN,NAN,NAN,NAN,NAN,NAN,NAN,NAN
VINCE,VINNIE,NAN,NAN,NAN,NAN,NAN,NAN,NAN,NAN,NAN,NAN,NAN,NAN,NAN,NAN
VINCENT,VIC,VINCE,VINNIE,VIN,VINNY,NAN,NAN,NAN,NAN,NAN,NAN,NAN,NAN,NAN,NAN
VINCENZO,VIC,VINNIE,VIN,VINNY,NAN,NAN,NAN,NAN,NAN,NAN,NAN,NAN,NAN,NAN,NAN
VINSON,VINNY,NAN,NAN,NAN,NAN,NAN,NAN,NAN,NAN,NAN,NAN,NAN,NAN,NAN,NAN
VIOLA,OLA,VI,NAN,NAN,NAN,NAN,NAN,NAN,NAN,NAN,NAN,NAN,NAN,NAN,NAN
VIOLETTA,LETTIE,NAN,NAN,NAN,NAN,NAN,NAN,NAN,NAN,NAN,NAN,NAN,NAN,NAN,NAN
VIRGINIA,JANE,JENNIE,GINNY,VIRGY,GINGER,NAN,NAN,NAN,NAN,NAN,NAN,NAN,NAN,NAN,NAN
VIVIAN,VI,VIV,NAN,NAN,NAN,NAN,NAN,NAN,NAN,NAN,NAN,NAN,NAN,NAN,NAN
WALDO,OZZY,OSSY,NAN,NAN,NAN,NAN,NAN,NAN,NAN,NAN,NAN,NAN,NAN,NAN,NAN
WALLACE,WALLY,NAN,NAN,NAN,NAN,NAN,NAN,NAN,NAN,NAN,NAN,NAN,NAN,NAN,NAN
WALLY,WALT,NAN,NAN,NAN,NAN,NAN,NAN,NAN,NAN,NAN,NAN,NAN,NAN,NAN,NAN
WALTER,WALLY,WALT,NAN,NAN,NAN,NAN,NAN,NAN,NAN,NAN,NAN,NAN,NAN,NAN,NAN
WASHINGTON,WASH,NAN,NAN,NAN,NAN,NAN,NAN,NAN,NAN,NAN,NAN,NAN,NAN,NAN,NAN
WEBSTER,WEBB,NAN,NAN,NAN,NAN,NAN,NAN,NAN,NAN,NAN,NAN,NAN,NAN,NAN,NAN
WENDY,WEN,NAN,NAN,NAN,NAN,NAN,NAN,NAN,NAN,NAN,NAN,NAN,NAN,NAN,NAN
WILBER,WILL,BERT,NAN,NAN,NAN,NAN,NAN,NAN,NAN,NAN,NAN,NAN,NAN,NAN,NAN
WILBUR,WILLY,WILLIE,NAN,NAN,NAN,NAN,NAN,NAN,NAN,NAN,NAN,NAN,NAN,NAN,NAN
WILDA,WILLIE,NAN,NAN,NAN,NAN,NAN,NAN,NAN,NAN,NAN,NAN,NAN,NAN,NAN,NAN
WILFRED,WILL,WILLIE,FRED,NAN,NAN,NAN,NAN,NAN,NAN,NAN,NAN,NAN,NAN,NAN,NAN
WILHELMINA,MINA,WILMA,WILLIE,MINNIE,NAN,NAN,NAN,NAN,NAN,NAN,NAN,NAN,NAN,NAN,NAN
WILL,BILL,WILLIE,WILBUR,FRED,NAN,NAN,NAN,NAN,NAN,NAN,NAN,NAN,NAN,NAN,NAN
WILLIAM,WILLY,BELL,BELA,BILL,WILL,BILLY,WILLIE,NAN,NAN,NAN,NAN,NAN,NAN,NAN,NAN
WILLIE,WILLIAM,FRED,NAN,NAN,NAN,NAN,NAN,NAN,NAN,NAN,NAN,NAN,NAN,NAN,NAN
WILLIS,WILLY,BILL,NAN,NAN,NAN,NAN,NAN,NAN,NAN,NAN,NAN,NAN,NAN,NAN,NAN
WILMA,WILLIAM,BILLIEWILHELM,NAN,NAN,NAN,NAN,NAN,NAN,NAN,NAN,NAN,NAN,NAN,NAN,NAN
WILSON,WILL,WILLY,WILLIE,NAN,NAN,NAN,NAN,NAN,NAN,NAN,NAN,NAN,NAN,NAN,NAN
WINFIELD,FIELD,WINNY,WIN,NAN,NAN,NAN,NAN,NAN,NAN,NAN,NAN,NAN,NAN,NAN,NAN
WINIFRED,FREDDIE,WINNIE,WINNET,NAN,NAN,NAN,NAN,NAN,NAN,NAN,NAN,NAN,NAN,NAN,NAN
WINNIE,WINNIFRED,NAN,NAN,NAN,NAN,NAN,NAN,NAN,NAN,NAN,NAN,NAN,NAN,NAN,NAN
WINNIFRED,FREDDIE,FREDDY,WINNY,WINNIE,FRED,NAN,NAN,NAN,NAN,NAN,NAN,NAN,NAN,NAN,NAN
WINNY,WINNIFRED,NAN,NAN,NAN,NAN,NAN,NAN,NAN,NAN,NAN,NAN,NAN,NAN,NAN,NAN
WINTON,WINT,NAN,NAN,NAN,NAN,NAN,NAN,NAN,NAN,NAN,NAN,NAN,NAN,NAN,NAN
WOODROW,WOODY,WOOD,DREW,NAN,NAN,NAN,NAN,NAN,NAN,NAN,NAN,NAN,NAN,NAN,NAN
YEONA,ONIE,ONA,NAN,NAN,NAN,NAN,NAN,NAN,NAN,NAN,NAN,NAN,NAN,NAN,NAN
YULAN,LAN,YUL,NAN,NAN,NAN,NAN,NAN,NAN,NAN,NAN,NAN,NAN,NAN,NAN,NAN
YVONNE,VONNA,NAN,NAN,NAN,NAN,NAN,NAN,NAN,NAN,NAN,NAN,NAN,NAN,NAN,NAN
ZACH,ZACHARIAH,NAN,NAN,NAN,NAN,NAN,NAN,NAN,NAN,NAN,NAN,NAN,NAN,NAN,NAN
ZACHARIAH,ZACHY,ZACH,ZEKE,NAN,NAN,NAN,NAN,NAN,NAN,NAN,NAN,NAN,NAN,NAN,NAN
ZEBEDEE,ZEB,NAN,NAN,NAN,NAN,NAN,NAN,NAN,NAN,NAN,NAN,NAN,NAN,NAN,NAN
ZEDEDIAH,DYER,ZED,DIAH,NAN,NAN,NAN,NAN,NAN,NAN,NAN,NAN,NAN,NAN,NAN,NAN
ZEPHANIAH,ZEPH,NAN,NAN,NAN,NAN,NAN,NAN,NAN,NAN,NAN,NAN,NAN,NAN,NAN,NAN